Height,Weight,BMI
,,
174.00157208367224,83.38710830997296,27.541815805063862
179.7873798410574,63.66527763812094,19.69628097115853
192.40893199201457,71.57071044149926,19.33235984461779
188.67557990149967,73.42079987686101,20.62470401016123
160.2272212012359,73.02219920056649,28.443452256277673
179.5008841752559,78.11160377950586,24.242777218054485
168.486427917023,42.72883554424646,15.051896095282194
168.96781148206443,69.26013894778642,24.259139980064663
174.10598501938372,73.58550401870147,24.275314647026114
171.44043571160879,54.995044765694416,18.711001618148494
184.54273506962974,95.10978560516065,27.92745089571792
177.61037725146994,72.42338900857251,22.95842916976899
171.21675016492827,93.45107117543394,31.878052736665122
174.43863232745426,58.14215467250384,19.107583943060746
0.0,0.0,
184.94079073157607,73.36378331448523,21.449456841733614
167.94841736234198,44.81967455757015,15.889742793533644
,,
161.45904260698276,71.45828848004378,27.41118837336823
,,
176.5361859544036,80.51562011747646,25.835249688784906
178.64436198859505,63.73783975172449,19.97186910797292
162.5783497959356,53.53755017844633,20.255038468263667
192.6975462398761,95.68457832014946,25.76852608008149
155.45634325401235,58.11827469152275,24.048933299353077
170.45758517301445,54.317131643958014,18.694082914812714
168.12816149974165,53.727159108078325,19.006972633662244
185.3277921435846,86.75957973304997,25.260173883467846
184.69358769900285,62.21649693362722,18.239037637161697
171.54947425696918,58.69443300729099,19.94426926143772
173.78162519602174,72.06534738855021,23.862655730509378
161.12214252369887,66.89582934164063,25.768467186227305
150.19203531776074,59.828568088206296,26.522521091840325
166.52087850673848,81.30987200467719,29.322830543403626
171.5634896910398,85.97973238146992,29.21099471430546
182.3029068072772,84.779762634098,25.509679914542055
182.02379848784412,81.50379504491798,24.59922841508821
166.12673182592047,76.03938296695053,27.552406756001567
166.97697249424664,43.36168000057256,15.552239482943621
159.5144703493291,95.03876209565453,37.35085936738444
155.79982062821026,74.5298381553633,30.70409290380314
152.93729809374986,79.12234641400963,33.82768916602787
189.5077539523179,86.72443484421103,24.148352658888967
164.90347818248347,91.50028754322987,33.64827671557924
165.61925698388814,76.27597016963789,27.807764470877874
157.47204639950073,76.5331923894348,30.863337397622818
177.7749035583191,61.01163583810421,19.30508712624609
153.8610215244205,70.4963462670814,29.77895034964026
167.8725971978603,57.18758108778468,20.292806213919622
161.04533438806325,59.20089201787158,22.82611261677753
173.86902497859262,56.59638396528713,18.721655389748687
164.89194862431128,67.65964163504069,24.884607350566554
158.19367815877587,85.73639781880016,34.25997052247535
169.71817771661344,117.56462159935269,40.815012162087804
174.28331870530417,72.84249456321871,23.981324617995018
170.6651722238317,49.7738036836582,17.088778627566093
173.0247189773978,88.97474994784383,29.72011400757399
163.65677906319036,65.48824185285959,24.450927171212165
166.37258834012863,60.09087109034512,21.70925666636798
163.2753955222405,73.14774216884582,27.43844128504898
166.4044683845946,51.39063100665659,18.558974806044613
161.86853717955546,73.3369474601291,27.989680766670837
152.73717397668324,68.67436715201268,29.437787394130975
171.77426142253753,71.47566860223213,24.223787430005537
165.98219063791737,75.72124381313756,27.48493757548187
153.69801653033954,71.0123838586121,30.060594554478666
174.62782255525775,70.24507126169338,23.03504048232792
160.92701635616757,74.26471778496916,28.676399116920106
170.5194539579614,76.2310093925669,26.217048885150614
177.29090562177538,54.52776309527113,17.34781431644087
171.2898291075741,48.55013111971827,16.54730435597889
181.394006845433,69.07542921741678,20.993155561611864
157.65174179646348,48.50896765098838,19.51751336890957
174.0234164117755,71.31297206382506,23.547952752939974
163.15189909059686,84.08120313523465,31.58745605846957
161.29202850818118,79.1066750787407,30.407962661984097
164.21150335235583,54.2774438976179,20.128538053176054
166.88447467872626,57.09606322063722,20.500964455059492
170.56165342229747,74.92451942501133,25.754977285106033
158.34850159216643,63.98053292299735,25.51643145351111
179.00826486954188,65.2501705742184,20.362705742739802
174.6566243973046,78.95359721871931,25.882236259971496
154.63756313722777,55.19069959813521,23.080005329671824
184.882521937956,63.98147935133226,18.71813452578995
188.95889176030585,57.998762858730984,16.243666473041902
181.78779571159652,54.353057529469666,16.44729690577176
168.20075164187648,57.14382716993253,20.19823678696077
159.29247378489458,80.16193254019618,31.592039586718293
180.54451726931137,70.77730584223633,21.71327927351641
165.96823053026822,56.812590567473876,20.62503362812413
182.2244507038243,66.53347588610505,20.036733100709583
172.0827497807686,45.41789039316733,15.337419047267963
179.76639036483712,59.00030788624501,18.257330688479637
173.563663971744,102.2436180230093,33.94052766667135
177.0657316819195,68.64634225501374,21.895172167969704
170.1050002072082,80.97488390545588,27.984411248170368
187.85870493905836,69.01767437283276,19.55679453365489
171.2691209270362,75.22253852862713,25.64424091272691
174.01989363444702,79.94887134518761,26.400645122839116
188.83150697056254,53.43075103710294,14.984503610443637
156.52240938857554,69.53595614089062,28.382874817015836
157.29515001514267,93.68297791624732,37.86430793282225
179.69396708158013,58.067491749200634,17.983162702884318
158.2687659488584,61.503402194016715,24.55323430405145
189.43621185649292,65.38463083949497,18.220054634822073
165.86381019240252,74.0353610976437,26.91137720232767
162.52545188559242,77.87376795468825,29.481421791134295
189.22942026480385,89.01117482227986,24.858059057429752
,,
188.6755896042657,69.06920311302498,19.402290989720306
179.06044658275385,88.88750694416221,27.723074942289706
161.38774314945297,80.56166533212374,30.930528325614226
189.10064953099032,47.56480725614476,13.3014718614634
167.3199662904862,107.89552360533997,38.539660990856824
0.0,0.0,
179.47251967773747,67.4767866584939,20.948767296395662
168.44989906909166,75.66865152607713,26.667019861155808
176.14079370346082,89.86538124993758,28.964932661483857
179.22206671566528,67.41698810954676,20.988740788433386
173.7642553115563,80.95527685565528,26.81169531038659
159.00599209415805,86.56867710357216,34.24000340022885
172.98238174206057,54.777611383983384,18.306248171722338
183.26385896687032,60.96502219625707,18.15210862726186
163.05432140268636,83.82112596715872,31.527451316439553
168.5036545967233,76.91221715723246,27.08798385735935
165.64846448278362,83.8569484047092,30.560765277358072
188.49263728479343,68.01147978019424,19.142270213648512
176.72294757012435,65.6649218356865,21.025558393790668
174.07461836241112,40.020407866249414,13.20719551358532
162.30083925554683,52.809993602388346,20.048162957929783
175.39249191291816,70.7059914198774,22.984455475322616
163.25667339342624,82.36835829346354,30.904272485202178
170.3183055827435,77.96767549803543,26.877689392933597
163.64153921621119,68.07637038958447,25.421974623457388
176.764332949465,65.92342650263954,21.098447290731727
175.76590816614942,73.2576944895742,23.712861342604004
167.91701244422006,71.17316771638228,25.2421822476267
173.96006712661645,91.06818272409568,30.093142185722684
159.06938491269494,72.19661155717375,28.532748711008498
155.08742407294395,47.78131056704052,19.865746640885288
174.39391701264537,50.91162797451524,16.73995629382179
171.6667349537253,92.78139005445371,31.48390408737869
176.35031436892106,52.43259307824879,16.859661859727293
193.83144774863942,81.467461795503,21.683815655973795
179.44479486990414,65.97440897185928,20.488670475752002
160.8717777455584,67.45362559146272,26.064270579194826
181.17016288095851,67.9880082584737,20.713761380617704
156.84092589488478,88.32077439188798,35.90410235904632
165.3841539518529,67.10737257184053,24.534795564799886
169.3175839467537,69.5002107573227,24.242756318094692
187.13342721649366,47.03794753900761,13.432152705095614
162.5524517795156,73.10035767562005,27.665113304867393
161.73561461340987,77.96563760467089,29.80519094345848
169.0154747557457,73.58718370980681,25.76020072960002
163.36521713637893,90.96844391630103,34.08564975838741
181.26635922106507,70.82757032170348,21.555987352253737
159.20068491636576,74.48466184178527,29.388470676389467
158.52531347588896,94.72756015402268,37.69459749502092
165.62179955255567,46.749787159627786,17.042944892011207
165.01967549307696,63.16261978300947,23.194695600251784
189.29532053816985,91.39238128028899,25.505288300230443
179.4942080692576,84.04193722466624,26.08526037306678
170.8755124138519,80.17570148260705,27.458898298417456
157.74564481169833,82.48976109196718,33.15013416693384
178.44362976401547,74.90599313681533,23.524178653041133
159.99784652610435,94.47396141298407,36.90488459158144
154.55228903222388,75.66638754596077,31.677588805975706
181.88029792352302,73.59800658842917,22.24819271435406
173.1694261192485,72.38438011188465,24.138063425440137
179.2085882378082,72.89295933325579,22.696973211185284
173.18727652943022,52.64474078776198,17.551855150892955
178.56830611902691,81.56009581695015,25.57814054547044
163.48974406699853,68.0434039932501,25.456869949493633
159.65757158215536,97.3287264679061,38.18229266370322
176.81594518281628,68.86524294117366,22.027095264360312
161.96590335826158,76.31377426263485,29.09080490785885
163.10450222249798,73.69903279392001,27.70319697832499
0.0,0.0,
170.17479159025058,84.88205242777758,29.310647825699792
166.46006088746515,98.57595460840027,35.575490212888106
156.2504870658198,69.77834170510233,28.581030575340662
163.5638159716711,65.49281821621867,24.48043950636405
147.76596847775573,64.6745690341694,29.619975455851648
176.25231451027187,41.614571600239884,13.39601948679213
153.97942344393252,67.33280284445482,28.398886684774887
,,
170.52165079260973,85.82136887770424,29.514564589724085
162.60437003608686,84.40071611724892,31.921383451573817
185.43014595406737,63.75251376344961,18.541148547459557
157.0714309027655,65.84765507839168,26.689836511005144
172.67050869349183,86.85857958421659,29.132408163485135
169.60717181772503,67.39804154390681,23.429275121942418
158.31906502258803,62.34955690366574,24.87522047101285
175.23276660531755,90.88777674151409,29.598850460757404
168.28453668777752,85.56378500575951,30.213536674205642
177.71790551213667,70.28187687661386,22.252611116805387
0.0,0.0,
191.6323594928069,39.821795211329366,10.843840993450604
183.36527949436393,78.84555408362085,23.45000825651381
166.30818162057557,56.554454161717295,20.447470247504274
167.60620822424073,40.55901986288872,14.438007039806209
180.99659595887113,93.77230791023527,28.624228544465105
176.55263730722598,79.71951686514832,25.575035152973182
176.40131526097593,52.914877103245516,17.00490280280562
153.83043955689166,51.783979255611115,21.88320143362962
169.75673875601063,83.06442673257429,28.82444975504371
162.61969090794312,56.830440751961945,21.489918167719708
172.79924599043238,89.44224801291824,29.954289298663156
169.0184961035704,79.24688968939233,27.740466468293377
179.10178908092593,78.04894780850235,24.33140593641159
0.0,0.0,
177.86327962108976,72.87176308035868,23.03491876874626
165.33580903264058,83.20766798765666,30.438938332540193
160.5555374408175,63.188794562265926,24.512606479759928
165.8995030679745,71.28927960151577,25.902045132417804
0.0,0.0,
173.7915173555508,78.44484577879192,25.972111789283993
192.5930895069085,52.0751979209701,14.03943172595184
169.57742848339356,62.49385499043604,21.73207648776534
160.44054999507222,73.79205258128732,28.666937961308975
166.54018224300614,63.87977936440154,23.031665068933428
165.36404025353906,96.6198784146,35.33331110750863
174.81481473773462,64.10270207868831,20.9758644501281
154.59202985555376,67.56672328634964,28.272138425060714
170.63261994200332,81.54145267265956,28.006209033364687
171.56506537965376,74.95799114852373,25.465969750677516
172.32181036200276,67.82088314192846,22.83930812559158
164.02683931034636,58.65259706678877,21.80004620585927
167.62078270263993,74.52271086095149,26.52362725656538
155.7593909101747,85.58644660567589,35.277395591296866
165.06680116637807,77.18642836147343,28.328362750052623
164.57138523983284,58.32724717815817,21.53589030527752
174.16050046261427,96.05162435465067,31.66688797515669
158.43817568178088,48.30133164946159,19.241522724053645
177.81198101709992,46.25971537295817,14.631232625698162
184.94484544491368,84.40835836685842,24.677490335108036
149.30014974986466,73.38760717904034,32.92321521949065
174.26258730778102,61.757521805439396,20.33674976246687
176.76908035030246,53.52143908667006,17.128336138342856
163.62562974447772,104.81199758920448,39.14788790782264
166.02728185671202,71.75636308233163,26.031638405195388
168.67119422413043,78.01301756268657,27.421123021866926
167.02209120598272,74.76827645857273,26.802143959395845
166.90987030952877,76.52211936596737,27.467741426591868
153.23996193670024,78.10141690787209,33.259433062658935
181.5233156478312,80.98636014632314,24.578028822711094
180.7961859203682,64.37166398858992,19.693196165037875
161.86635740795796,65.62537020472233,25.047165140673442
155.33575672197486,43.88465787461648,18.187367486447634
175.21064876452758,58.29543390247691,18.989500610957606
164.24212030186933,74.06669194670073,27.4570492157439
171.4195316332078,85.67535063254036,29.15649281099747
166.80671582854904,78.98559289564275,28.38708634662
176.91538751070186,64.88961484183105,20.73213271588235
176.94749143656006,51.05240631872269,16.30524755612134
162.74402621536416,28.3396128185885,10.700000560676461
156.16636044604945,87.27600962171198,35.786555882933065
154.17061602664918,61.16156520234775,25.732108595355363
176.10379379107206,63.27302490693911,20.40239602519992
158.11140742215971,71.97360951862103,28.79034534024246
164.93183645701313,48.91659928912165,17.982384004845557
164.0368596154949,64.75326729832695,24.064608130794287
169.47432703730453,100.35207924654961,34.939649111902334
150.63720194153493,77.58080407866014,34.18926750022621
,,
175.23891023834204,46.26258283027362,15.06498793376529
170.88422087044663,103.65402841873961,35.49623246804921
166.8911382830153,48.65807637060486,17.46981806445821
170.97400166268784,98.83487133166598,33.81037971116752
173.9904634564013,38.274159772182884,12.643135009950468
142.2740724357335,91.0804815808663,44.995988020906005
189.55912308250694,94.27081403500338,26.23541119253999
173.90093322687926,57.63386318008248,19.057850068089273
163.4759141761298,76.33870558409325,28.565198238478835
166.090466248124,78.21220858156998,28.35209407977524
174.9374177734919,57.79308275153041,18.884715108052465
168.83896060965634,48.263235838946045,16.930551152367304
149.69315532218505,50.23423985288852,22.41795273966087
190.6449286135932,78.11512329939711,21.492384850338105
168.89459342767526,68.72326596220891,24.091969002495777
180.201727117158,61.53548450046759,18.949935067330763
163.07950152215608,84.5015201674969,31.77355225751303
185.36377054245798,77.62101864087217,22.59069685568558
172.8634368889228,58.6680591045155,19.63339634775315
176.0884383447545,51.98197721473916,16.764519516684732
159.54746633853046,77.84892608032115,30.582487167282228
182.11145289682702,61.93624947162907,18.675420309343444
176.89818164534788,71.48807293797253,22.844773297831132
183.01846229564998,93.64448458941577,27.957117994603333
163.7191244035842,77.53492360112169,28.926676365488042
165.18972881539213,57.065995003701445,20.912758083017096
193.03916697683943,72.4099178472966,19.43153840003193
159.39984177278453,55.71032570776919,21.926026043714952
168.64050299321678,94.12783233923085,33.097430564185814
181.36891362602694,61.57631875595169,18.719231638253966
170.97724967714856,73.10906120460427,25.008897903406428
175.82953679753294,74.61598862019147,24.135051702636865
166.00550970737126,72.38875702560554,26.26794598387641
173.7005588784752,40.62176567295192,13.463450099662182
156.93473148264684,48.303684040250076,19.61291371141847
186.58130679618188,63.21474586646362,18.158590520988053
168.8183595487143,74.79147749997296,26.242956536308423
163.19821796003149,67.93331178571344,25.506564252231293
176.66383082031913,55.642787902734746,17.8284502910889
165.39280212611447,49.77363521317449,18.195590328855985
156.65741528597246,63.97663683250985,26.068707100815292
156.53282494202443,62.97285932980415,25.700558860386415
176.93773152690133,77.69254686389135,24.816381017052436
168.40426561853732,65.10522306762523,22.95671039938409
168.66298440331562,79.04061484643995,27.785022228592126
180.77743805976263,61.08025345419392,18.69013230768443
158.73174191243257,66.16063496178597,26.25863220398749
162.69322247135176,64.77930430536071,24.473571788004023
166.15120190818723,58.264495496468655,21.10556660630619
170.94351589317074,79.37677984650595,27.16365539710729
169.5782854870942,57.79606004358239,20.09822729792869
167.13112807610094,62.17537735044071,22.258902168892753
169.38373597904354,68.90320531077704,24.015742048991463
168.92694723708826,50.5393051606489,17.71052352491697
,,
161.87007011445922,59.33040460385817,22.643533570128067
172.7451635772394,64.17768711276625,21.506625238789105
161.09084917004472,69.10107995993364,26.628278664467143
158.42644740809146,58.00129565289003,23.109062539292346
166.87707748874305,66.69886330269466,23.951077823624363
168.42332983836184,89.63003128528268,31.597232748369045
192.56723497298208,69.6130216261827,18.772654882938106
162.95299724143766,87.17893259528837,32.83120639427255
179.43260724969494,75.19741663010142,23.356092440671738
177.4718833420463,81.61240914728225,25.911770111716645
158.11055044796265,58.38311546843761,23.35423064950912
177.732529774026,71.57360747628269,22.657869035365913
158.16119359806683,72.00869383923214,28.786248205764267
143.4082776200326,60.810613916875965,29.568612663506073
176.0631952435938,57.65757513558577,18.600268569214787
152.44109416562281,47.64601918139053,20.503240531878983
174.50934461805915,92.44209455427448,30.355151320466824
163.15989102262785,55.41395665971254,20.815763623862594
186.59550796189873,90.1933160983345,25.90430744050172
180.68509399316008,62.9876023951322,19.293473612655635
165.46614196148613,57.062600504128994,20.841706606511362
163.12162388971316,79.33778710457497,29.816523883586967
,,
165.59077367707408,78.52688378386415,28.638224743049697
167.1964450481549,65.00782352721686,23.25474318269345
166.35306455608315,77.2063674417668,27.899184420329455
171.56703855272363,55.47720904139342,18.847202404624603
175.78521497728877,82.47026586977152,26.689024833769054
173.49654456993173,77.31959023994507,25.686674627145127
162.35856076093557,56.205239649060076,21.321925337188787
155.6220852619842,109.64403581522112,45.273341745414825
183.6453184810247,78.1018453960074,23.158027862693626
163.10550815450063,104.35700605795807,39.22693318205383
163.47706400064982,94.00401728123138,35.17489057272104
164.78810687698888,67.16747829673324,24.734738009236406
151.56930449843352,63.81592368093186,27.778356299551195
165.22025995959513,63.948112248687984,23.426161139707908
165.20344185992053,42.549571743582845,15.590391132260805
176.20358298343513,59.56247320975679,19.184180507430234
176.98457149107335,73.70149035969956,23.529107432019757
170.0377088908627,92.88936341327212,32.12739385455799
179.31848374114304,58.40842175532697,18.16457978635527
173.3996498380126,83.23084899044515,27.681389890740252
169.84317888397445,51.211099877450216,17.752841838790022
171.60928168298224,61.20519962183302,20.782929855083736
168.093465064186,63.13539108565711,22.34452955676998
166.0515048596655,75.57716622246241,27.40974355838745
167.32266463106035,76.85964470081217,27.45293793456151
158.71988668529994,84.43512617221518,33.5166394211263
172.80441705316295,81.56255440607404,27.313738057192808
160.0687638907042,73.64752323103738,28.743851714491747
,,
167.50541419839053,93.82796036646299,33.44063976860527
170.4949498165009,62.33610728151606,21.444535295433994
174.93836776280958,81.62092478600744,26.670513101635063
176.4331446506293,42.877841102526226,13.77439588961314
154.29376591366548,76.17001364346413,31.99538018382376
167.93096323836028,62.75125686281339,22.2515808558514
178.80178912080783,70.03856773647264,21.907536105756627
153.01894180567746,85.60129367580555,36.55863226834051
173.87280475395065,72.46965714289597,23.971371749923712
147.44435770597812,83.2778131181339,38.30654614155846
159.77493156364397,92.10647222707607,36.08052666613547
170.38630551840188,75.83640953298581,26.12211822875175
153.43284897678046,87.56561596930732,37.19605734735601
160.14489262315848,65.10158533481189,25.3843109618902
155.28164992536412,69.87685176595579,28.9796446711901
186.4813493220756,62.16070875402283,17.8749630092606
171.64227755487335,85.64466391969565,29.070451182279125
175.6729027785267,76.21137030690393,24.695067375663275
167.77324899484844,62.39148307157616,22.165619783657203
166.465682512428,72.32003250469498,26.098117446379412
153.8352581134897,85.62352583227873,36.18106433231915
167.08162637252138,69.4109801344307,24.863988080951707
162.38507788188377,55.76600783725355,21.148390432428897
178.57923924292336,71.97867633681118,22.57053839616101
181.41101866657573,40.2915161339659,12.24295591900645
184.66578715574178,81.53155966599212,23.908529585369124
178.52551939461233,63.68008619012979,19.980347259109895
164.01346063077014,62.9603389558134,23.404969153215745
158.84103014039604,83.1354351816926,32.95040709540939
177.66663181645086,49.52255684162247,15.688857591404679
173.56292817472288,99.20647964230537,32.9326062702059
152.3146154932297,62.79636937392665,27.067701495388157
173.55481792743768,62.15123584922657,20.633667136803247
178.14519822487867,85.31837114750745,26.884026451615636
170.5892558918163,80.6304290966564,27.70739023311103
168.14946328990658,106.76844578612614,37.761735847220905
161.92351512383644,66.8319102455272,25.48965916521848
155.53465300436613,68.19390042003386,28.189748536562576
178.0029794934003,47.81026030055119,15.089212149649846
166.90885555228292,65.01846583976763,23.338769732655084
167.66533338456307,59.17853056642366,21.051237140041767
187.32721186919133,63.26849480341751,18.02958639494338
176.8450110685919,43.83718365169067,14.017062821004728
173.70825001281102,94.9091133984177,31.453358588962285
171.42061805187237,48.750947763615386,16.590403547358278
185.19994860765772,27.966958024124303,8.15386481533997
187.19589307416194,52.17363367625471,14.888757338138051
179.29505111479529,60.94240670805773,18.957584324392688
175.82224591397923,52.756689051143226,17.0659270647523
149.05396928793854,86.47455311098769,38.92254548738868
171.23721914233508,67.93241232105859,23.16758175159808
168.69893045806296,70.38078406609688,24.73030327790741
170.93953229385568,79.15587646458118,27.08932223851439
179.43046087322517,74.29018790467177,23.07486195570767
142.60322832810442,84.67850946169065,41.64036138630248
164.30687946529815,53.35783669545782,19.7645403358813
172.6990435494076,61.78722848980853,20.716617634907134
,,
155.8309388687374,31.98168306873655,13.170247627884395
178.68963486896794,49.372232810241385,15.462654262953809
172.76871905846127,77.5148834826992,25.96897880511349
160.28895429555516,62.79626447507612,24.441430390912753
173.14817204515825,84.04161325164546,28.032288781093488
178.21585712049796,82.13770445279744,25.861271513765054
170.0529264629936,52.02860679713443,17.99177355204112
178.00564803430996,76.09985631200321,24.016862506100818
170.78260175161662,88.02546783501259,30.180128950068987
166.04771017345647,72.21151602476458,26.190312523818488
158.40579483600087,55.33802684131196,22.05370391867263
169.14069233028388,83.19084912870055,29.07899208976944
171.9429293804577,79.53136789830994,26.901085768181538
178.7583276158733,78.13916175248194,24.453227148812946
0.0,0.0,
174.5741560622099,25.080807096585715,8.22965454857108
160.35387986266272,83.21406341621457,32.36218115873314
162.17370844172476,97.12197715868463,36.92807075085386
168.8961070097311,76.54957711943939,26.835118483965246
159.45371536014986,72.89093494749591,28.668451450541944
178.2024783732468,80.44658010087159,25.332619899799653
174.63130329318608,75.07338210527674,24.617377821402084
172.79095764392454,79.77671892550924,26.71985809867756
173.38904125215944,70.02206500368116,23.291187088365717
190.21043561484797,58.499427181946494,16.168991517188147
165.31135812033205,54.9351593167808,20.10226531522686
147.9855871449944,55.02712407652204,25.126845864824936
171.99300196896465,49.40436173573657,16.701048585466808
169.49396459038334,53.9838698347134,18.791244232851312
164.82480957489597,96.41899191129795,35.490933388428175
160.2117014064123,81.31143495484363,31.678394312547947
165.6081047819785,60.624589139729935,22.104751353496805
171.8133842921782,64.14410959021738,21.729152907155637
164.97183299357462,71.68836296359682,26.340806225340614
194.12453679543748,60.16682455773463,15.96600372614717
160.3949561836685,71.01275285761487,27.602914119876537
162.0688263729233,81.66406206854369,31.090807663799115
147.1137995998547,69.4638589967774,32.09608648726475
172.51484415021537,75.04023613992989,25.2139711573845
149.8359337220024,83.29737309039425,37.10217319269166
164.605453666255,65.91802365972687,24.328522687465473
167.24329465439442,74.27185898701545,26.553811336788794
162.9027203415311,65.35933610674958,24.629237048490985
187.38872677454512,69.57206695248375,19.812897168268798
179.94394391315498,65.1290460237556,20.11408342852061
183.19136876301576,62.06695219665827,18.494832592332145
161.1758118145008,72.60567779480535,27.949294596107052
181.28594064514567,78.49817973727319,23.885335037478825
174.96000946343963,72.19456669001566,23.584513771718335
177.71405948676846,77.48090437467899,24.53302527574276
180.29438828782767,58.931023296381554,18.12923855013494
160.91236754040946,51.94397211700331,20.061172265296896
165.75682379022098,76.25565254451405,27.75423168353141
178.62596011328452,80.31822086762132,25.172417580314608
143.44380907025067,70.74785899899734,34.38346837455678
185.13328082573204,90.22053670637078,26.323062277880755
175.53132064207583,83.61548196981848,27.137976169156868
169.54296039339766,110.208562611535,38.34032711820875
172.20507655757174,66.98787229006501,22.589378548813936
159.70064716691024,55.01726805856948,21.571764433967076
166.50056635410894,58.897948138907296,21.245587012283142
181.00284338220374,61.517532904380154,18.777082554228908
182.98021972326222,77.14047075157171,23.03955015669117
196.9622405256358,37.62897154058115,9.699657441290773
169.26075333719584,89.77826527136256,31.33709041096538
163.41447033194996,66.41055113286484,24.868870633357304
164.85766034060012,66.29809663316873,24.39398746047164
159.81958124712637,53.809852509625074,21.066957777615787
169.2214524405915,68.2866167282473,23.846506241842903
173.82732430012268,70.19859651501301,23.232307052883414
169.65757719468047,68.17082608599584,23.68383546295638
180.96346845665798,75.08588883913646,22.928545358070693
167.65784198655464,61.15551937073455,21.756444098755686
166.52549347501437,56.562763593837595,20.397134602449498
164.18731523139675,78.2249219574697,29.01789706120563
153.67365473765506,71.48001180723693,30.2681428954443
154.32232275691547,72.95771582796051,30.634706634558025
158.2084206936231,85.88540881662949,34.31311902687383
183.01428071664762,54.66153413108972,16.319688231299555
178.9526027288993,57.17139314123704,17.85265188619818
183.7496406639299,88.85829476243491,26.317520973895014
156.67788345405498,47.75674963638936,19.454468421603483
150.3137531021398,50.35881780503479,22.288358731278233
163.39943679865917,82.26792746777494,30.812678031799955
171.75818953296027,73.57300288033058,24.93926068474556
174.98690274909828,71.57848205588914,23.376064434689212
180.4797215596805,68.62510887849425,21.068141275982597
172.84279670807214,70.46901320541355,23.58824447562222
187.42668780655632,68.61831827962067,19.53337146811761
167.7739431905168,90.33164053891628,32.091563313897915
160.86920781958204,64.02777806874887,24.741303942544775
153.18781784505566,67.57939695583332,28.798233760087832
161.1102864190455,96.9167320783761,37.33810067252835
172.42117960985124,70.41264553044753,23.684784518346184
161.1127974264637,103.48024584287766,39.865514639430074
179.36742463535256,68.4253044847157,21.268144067948974
184.12327706037442,90.51122473690238,26.698388576522056
146.30413094773397,45.16983942535484,21.10257095355572
178.64052300497647,72.30466691223499,22.6572066987163
147.60395941338263,46.232896552735966,21.220474397249326
174.01499055090287,82.6668145990688,27.299700263899823
182.2487056419366,51.80698275686463,15.597658032900277
170.64856106343575,74.25654331575018,25.49937098974306
157.20310826795762,65.76706184964347,26.612531135849927
164.14568795722226,52.62695222223957,19.53211454732031
167.383545542891,45.70960025653686,16.314805380761843
168.17755216210057,62.33439304629835,22.038989657034925
167.97103159233333,96.10944168842997,34.0641279609576
168.90117220690686,65.59772417665934,22.994472175144935
172.13480048910168,83.75832313173784,28.267709076284167
157.91426346266778,69.14435698506718,27.727711338965314
167.5798017012978,83.15090160535678,29.608991702166783
185.18261170355706,42.59632932543224,12.421434865308946
166.15354576857482,63.952175397257,23.16520216254262
165.56163906844802,84.24108285689829,30.732968171043268
180.7819730371424,67.55117576750231,20.66915245960485
144.40815333655902,68.7031707593343,32.945291322298694
181.81378601288287,63.54307132171311,19.222708555707502
163.68096241994832,87.24069075050686,32.56287601558246
171.63928572452588,74.46271530932418,25.2758326797191
170.96321355921197,70.66033414263022,24.175214807576218
179.42468119220393,79.64581818008939,24.739938263243015
167.32405253764654,78.82337393676904,28.15388104642279
163.21974218435548,73.18880569656305,27.472569788642563
182.97845790651098,93.20547245486267,27.838221489938693
146.35826182858818,69.09568699541322,32.256441372801966
170.20334181705243,74.17121571951915,25.603493765511182
156.5207457737088,60.355711699706646,24.636247495230908
162.3842661174344,72.25172840509194,27.40061729631791
190.11256681463138,93.81642285618051,25.957162656693004
169.55404573544143,60.351135973168915,20.99274039833756
,,
152.1843714429441,84.95139464229723,36.68009089905887
162.70955341205305,67.76850771649481,25.597751360201258
171.96557400728784,71.44006307454654,24.157879015664054
173.54757693113217,69.32330044459998,23.016650448835406
,,
170.08627898917575,82.75796025285157,28.60692766311312
175.2700420845466,57.41313714101089,18.689423110364345
174.53781912635685,54.82338873841767,17.99644760814465
151.7025958899547,71.27452205556561,30.97050514705094
170.37005721910148,45.90340465825251,15.814605393416102
177.67902407732703,49.40419695937108,15.649177775241299
175.89879820734518,98.0002472249744,31.67389165407844
166.3614119002921,81.36202495092105,29.397916617134648
161.94373492460633,69.84915292196479,26.633782032916056
158.8168807567837,88.5701040393766,35.115093635206165
168.6894598845859,54.39101154872283,19.11398497963329
181.33079879559722,65.26595314921212,19.84922412135263
150.48195898518398,79.35180414136573,35.041923146832005
163.40108270270503,83.36007522147092,31.221102718598384
158.60197544573225,77.69375270241665,30.88651540597981
177.849575212405,31.88141788467663,10.079336940080532
0.0,0.0,
165.29362341845209,77.15602138535297,28.23954043556583
167.83050430063352,64.6607276042979,22.956135956065037
174.453932508948,108.10347431138757,35.52042263227123
166.07611001850364,83.89837451450644,30.418599787857456
139.53856945200073,78.37122820927999,40.250207200997735
175.4331189138752,53.24575669379915,17.30062665988718
174.39042957672044,69.47054890595626,22.843120746964434
167.80458971668787,73.61805946328428,26.144280530541796
159.15963379328065,86.91675445191703,34.31133677597326
173.51780110681358,83.21696645649449,27.639094405268434
173.79235533535586,85.49483791779919,28.306003443447953
165.29967117299125,56.14131976284997,20.546537185488393
167.8326852942446,91.18227547447947,32.371091204904374
160.6984349747568,49.293538715390966,19.08827583789554
168.2141090791267,61.961281575007575,21.897551297500524
154.4957065491652,76.46156702418462,32.03394050423682
174.17318821031836,67.75162612400291,22.333517027456875
160.55631509175706,54.90944713119413,21.300622056753742
172.3810314783231,57.676752615953006,19.409835293055306
155.940370837321,46.776185157264365,19.23568579975834
164.0994235413046,77.97961958510787,28.957895818425673
168.89510594934072,88.90853267563224,31.168027063058794
153.39300188130736,68.49409744897952,29.10998985517887
171.1514787314009,63.994767774798646,21.846564731417967
166.20852437120078,47.915156073002656,17.344681110670468
152.5764380219077,83.69802886378267,35.95342649333345
156.96757245887684,103.16956499859239,41.87277231949977
176.05120084082168,43.03816293449654,13.885954629521
178.95555985551323,54.0485059276809,16.876924271506546
0.0,0.0,
174.04761812040496,61.535231354762665,20.313636149784728
172.23843563312911,73.41018925215222,24.745498038816038
173.2962298212774,94.21374320920341,31.371553860922877
182.85984007080293,85.12895930290155,25.45895966445228
154.93001601785727,77.91396074161474,32.45967376389321
176.76460732361625,59.14106943912097,18.927730684737774
166.1799104442218,53.205576494793185,19.266379566458184
167.7574106574836,58.048370405405485,20.626550478785028
166.9775026954493,93.22100202068108,33.43473180083165
166.24852883338716,69.07385047813149,24.991829220070365
157.7380380821698,63.29745619506068,25.43978210496674
171.83339199257603,67.24366404625012,22.773838860447526
186.70943032788858,82.36927329457701,23.628313622687706
169.43866979551242,50.307254881753124,17.522882679321814
169.98614957264905,91.22311203883633,31.57023471122827
163.12700962843337,72.34714385419448,27.187522932942315
168.82525453581889,66.7548403255641,23.421134876346674
174.6616642603403,76.64269170620108,25.123235006787986
166.29757559295658,73.27595609694906,26.496570019739128
165.46195958948,64.83705315298928,23.68246701302892
174.03264540163246,66.2093399193759,21.86038541442695
160.81995230180954,56.967061797010714,22.02642234770339
172.52496627076872,79.84586126288954,26.825542121908352
178.20321797261423,62.02009285883257,19.52995882760353
183.59948541679483,55.65612366351576,16.51087296795897
169.09617992723054,72.48795283980306,25.35118367475106
183.67597239806713,89.9371192411833,26.65841209877166
180.34409886481518,69.2748306433027,21.299607499983235
160.03787359628933,60.87848114572465,23.76940245630237
157.8206148840685,76.0584403125396,30.536548871766936
166.9503636214558,99.05068693603828,35.53716291199374
180.28935492594854,48.22141705852379,14.83541839414314
169.27712992439996,75.7330418167794,26.42949266620685
163.9934244234221,73.07629937847781,27.172129579241563
185.5224318004856,87.42300705338675,25.399951303159515
172.86904488003347,84.86363760527269,28.39796231452796
146.79405724209258,67.19936332285332,31.18517676962396
173.1716062629269,44.73224116862676,14.916512180925984
175.20040614570868,82.0984565184439,26.74636549788855
172.25608654471102,57.47210964712775,19.36903511669669
174.49712100231991,55.79889383564216,18.325214106071257
169.3272439107702,87.22525871036689,30.422057800423804
156.81604130355265,56.33724433542021,22.90944814134677
166.29295996779547,91.04267110150366,32.92283789312706
160.5438420444371,75.0376708210797,29.113340576436386
160.67259089205623,74.78677600129424,28.969514558692858
157.36931650897725,74.60897170758386,30.12665660528323
174.52489092639647,45.42364561387312,14.91307618167141
170.97896145412628,43.35417075480136,14.830149674090974
165.5183463731929,73.23329580683027,26.73106746622274
163.5066207226961,78.5201103883963,29.37042397568769
169.76576894978547,71.23916548234301,24.718298557250016
180.7919472811249,57.67698224470709,17.64592236978384
149.95784284501084,70.28383155823292,31.254824194478648
173.76876520850894,68.76948770281774,22.7746839553262
164.54288025982217,55.642628525868844,20.551780233453545
151.1541415502055,85.20958231168242,37.29480443653601
150.5429691683604,44.04585907674871,19.434981436492002
160.87216505864708,78.8311361021126,30.460425956651193
172.19509555793044,75.76485107816868,25.552077639849156
173.93062933980093,85.14567782217571,28.145597349521893
160.61018427322216,54.920321914767115,21.290551602513748
180.17020991413244,71.52110720002317,22.032727338725717
184.22983496516105,102.56747423977248,30.21967120821311
173.9608658495656,79.9311143349956,26.412696825218628
164.08597332191889,71.50871813093445,26.55926656796548
,,
177.55395695663339,71.2926526357018,22.614347598694412
178.67407411354918,102.86347019859761,32.22093145634528
0.0,0.0,
141.654454947253,68.71577568654254,34.24490601104837
191.16791021483675,73.78497147076781,20.190074825464098
153.89121596550066,64.13803005878479,27.082450272479186
169.6423192813978,88.14775189615457,30.62970668526134
193.8074535121975,48.90842842913484,13.020952581605986
173.30576756274374,45.9289220520852,15.291856728439924
179.49246473558236,91.88072124513991,28.518846342668137
154.97603430618287,102.29679688855873,42.592481977973904
152.22333045266294,77.02457361534388,33.24044765206924
164.67297208020446,71.69106911853606,26.43750149259327
180.907497344345,79.85901535457165,24.40117950321433
166.5375055235269,60.294197104258615,21.739592829241484
162.053636789285,72.56865317728318,27.63322029177425
171.97967289944967,70.58363058784323,23.86435803409028
180.81935218477264,79.39846376118041,24.284115042744407
155.55059800926628,46.63002207724905,19.27179871083048
157.89457005876648,62.39447845351994,25.027171451787794
162.11330745490633,82.67493404501256,31.45839232469361
180.9463837471209,59.866092585549055,18.28441613667318
172.34821525948732,55.09957936865297,18.549606557264564
191.32153410570444,100.63108224740431,27.49187965947554
179.36445725831115,70.57177000269101,21.936040264264868
169.64904823130328,61.316227900851885,21.304560271404352
182.65077838088766,44.61444343788837,13.373110246446112
172.11497012731877,80.9401951942064,27.322910263318576
162.95078647492556,80.4870423057804,30.31189212216566
176.79974844245103,65.51860599145095,20.96048671851591
163.03673346138916,53.46654713639364,20.11459105776553
167.09602899196133,69.63175864536431,24.93877436006905
183.27782695957984,57.46215898777568,17.10653638514557
168.987185137826,55.86859616690326,19.564115364433302
161.96858612658372,68.45180872807438,26.09295984435205
165.35662308564508,54.22914402009903,19.833052444221927
180.21790585588673,73.69973432878669,22.691857343108115
164.4745932658327,79.11988764109596,29.24745083945196
166.13129153149353,57.40551329240213,20.7993959183641
164.8970726036637,49.47632356992414,18.19581571168293
171.8392549434031,93.41919398433711,31.63671293726329
,,
153.98163951027462,60.10085942346494,25.347947761674433
161.1281905815496,73.1952575114483,28.192908560032933
160.6721095849356,78.99054058783446,30.5980742537104
182.43319384455154,66.15524659465535,19.8772623547484
178.12674042109043,76.91191491551884,24.240154461359772
175.87259379399825,63.98520763155398,20.686320364706415
164.9464168273559,55.43244002763414,20.374090194623413
161.8420845800603,91.39475291180541,34.89300203230519
164.92482398342642,107.32662421496693,39.45803112447445
159.48119897448325,95.43954299521255,37.524020716023976
194.97200391587006,72.12709958730181,18.97378424060693
147.54678351628598,97.50153042723518,44.786996599030424
175.6400853507381,75.33555273585976,24.420395882906384
157.15447702007472,62.84070594395156,25.444126129607334
168.9565650850531,76.99569361572968,26.97219509477017
160.11998057506264,68.58411240383222,26.75053455894719
158.22371037517368,55.253227243814386,22.07061933586398
158.59803699065037,56.52517042851976,22.472234865123024
0.0,0.0,
168.67011577690408,42.3020202750299,14.869104818655208
162.34297805521913,79.06205110664027,29.99860503470287
175.55786964082873,45.55624595877343,14.781119386523226
170.10349314566298,38.182353326463456,13.19581529200246
0.0,0.0,
151.7574334406217,99.5014595790211,43.204551916031704
173.03603904462003,67.05649052584687,22.3958572226744
177.7269483710238,71.2987477024813,22.572275067704645
153.38401708885436,91.28882568866428,38.80229429080183
174.48195284423312,84.01269622749587,27.595857656992326
186.9618157282816,49.12742095893671,14.054588393042303
169.851422966453,83.03509514228142,28.78215504866345
178.21405937024812,72.7627189705532,22.909994970932953
176.7057045031091,64.87482853606178,20.776628928162527
162.92494302489422,70.3643637120667,26.508039508809823
170.39766734586496,89.19718030942033,30.720185606768094
154.33005289138399,56.710502769385705,23.810169523701262
165.48696962897475,76.01328518656182,27.7563206480264
172.65687974966235,69.85514145200638,23.433146098670438
177.23100493737797,43.04253076906572,13.703086479126913
170.24612125247913,57.96620242403784,19.999557966325195
177.19983730143164,72.89820329850545,23.216149242679457
158.9709378704463,89.46013133639336,35.39924982149877
168.9830272544513,85.01996526020095,29.773833205905046
170.19279384513078,78.95818756605138,27.259308556967756
188.49591246679637,57.77086508295312,16.259418030700115
167.85833343799916,97.01820986212803,34.43241174784633
165.00983362005817,73.22860701459417,26.89435418994259
170.2135122384355,54.90451717482175,18.95047108283631
160.80886555130056,67.25642528714573,26.008410089438225
171.92753849065215,83.44372638034238,28.229474881791525
166.34944783453741,70.11426247477237,25.33749306280846
152.08672451958816,83.30297029874141,36.01454015037842
169.4141344886614,86.55540936193225,30.157471907784544
166.824569060698,76.0079602689806,27.31109134208363
153.67576697932017,57.13446065429659,24.1928678621546
169.32865845385479,72.03181994784971,25.122534573518642
184.8935596207448,70.67748783908246,20.674620057985887
175.21303748275713,97.89019500777442,31.88646363201345
176.1192719273116,45.605170932597545,14.70280932206841
156.58503274416958,67.97766323358469,27.724628565379806
174.76898368922224,61.23859679807621,20.049175126556626
171.48449581380078,75.02658430293998,25.51323052878409
175.2904523833443,33.43653461200966,10.881900155182448
0.0,0.0,
156.40219274496187,70.206227310033,28.700532911868706
169.58599188442034,42.32948254557931,14.718481548215049
162.42129139574834,64.58330297890201,24.481291998351015
169.4991590571518,79.13443512481786,27.544215714217643
161.0259907309817,46.12828186812953,17.78997423309087
183.12470367140997,70.04833324664733,20.88834039624965
161.41027611555657,54.13789528297705,20.779687251319437
,,
170.74586406543554,70.40107574011955,24.1478744911523
159.22900930596006,72.75175380372364,28.694527721683336
165.75336697567136,62.93886252725909,22.908369089938436
161.70035402462037,74.09194584295396,28.33668608827013
184.11172063889612,82.26966410882208,24.27039534079982
177.85803826831173,65.8162858734514,20.80589368509808
169.42530481534607,91.47351636173937,31.866827021058842
166.08782947825983,91.93321256170628,33.32704573648993
179.40917614575113,63.569469016212565,19.749644384675197
174.0520408032289,60.432391652896236,19.94855958875049
174.98052404682858,45.0374052225074,14.709365363737994
169.7380776265575,68.10146002540915,23.637299843138077
153.1176997222857,64.54843329825923,27.53181948826218
168.87534017440447,81.68576830199487,28.642698035609808
164.67510080790933,47.35507590897552,17.462670568737828
176.45055273459877,65.83912912385335,21.14647734459941
180.1184243299419,84.53116589666718,26.055570145620326
163.42048955238832,59.0446435666306,22.108918101444292
174.6838523427705,58.56457694908586,19.19240893107864
187.35878997685714,48.29589497866287,13.75821438886988
163.3228727942944,109.30860769027359,40.97890427474592
186.81921740073136,58.78790232901931,16.843985816476756
161.47414152829353,50.494797516724915,19.36603294849228
170.2295975560795,57.9422439395272,19.99517296820182
169.8885438815816,58.38557379269793,20.229137419285152
170.11498899870062,65.95915332323139,22.79239219997208
161.62321958092053,82.38058348131273,31.53678054995034
164.0881689623557,65.52515246506249,24.336241280934335
163.322797136406,56.15765027504758,21.053063941063165
173.26962595404459,48.22992252713462,16.064665556181584
173.30035114510312,70.32786037329807,23.416852448690218
192.2594433173826,70.63808611044686,19.11012654214487
183.7098900629112,92.96398526543237,27.545436487176737
164.90156757861521,71.38671603204713,26.252328832330452
173.24869615796186,68.51487533073885,22.826794133427956
179.9711798079176,54.24019245118765,16.746162238978687
170.30601824338518,65.41071137352412,22.552198310998353
169.30358421553063,63.42288312948091,22.12654859682128
170.5157494276989,64.44753753229446,22.165489765188124
178.6727662880843,55.611169110391174,17.41988575880067
161.51679477194767,78.07494404914266,29.927904295375004
166.74330531179825,67.86331873735946,24.40834211718175
174.7043314484648,66.99469779992519,21.949927355709807
173.11447071554156,44.289308259265056,14.778561142268961
172.39582759856393,77.40466131287296,26.04435542280749
166.30198833696195,77.30522988970569,27.9520711108081
179.72535789142538,57.41305895736679,17.774278159687654
191.33868247204538,84.8518207581879,23.176913909079808
174.06415493676207,49.52862654876351,16.346982323260203
168.0682329845016,69.6719513681638,24.665317276335195
177.55740288894543,65.93188990164754,20.913077972408004
164.6086736324701,50.24237816791309,18.542349257351965
162.50309655297104,72.84553918119994,27.58542504654315
170.3280874761371,95.53855228362687,32.931090775493644
144.17203367030055,71.0145134510038,34.16528647931273
158.4604963634799,63.05467368836423,25.111650516018326
166.52038144079154,76.70536235328517,27.662468462013774
156.46611141852287,71.58579993200732,29.240601597837994
159.67356898107872,70.41643197438252,27.61900000784239
165.63251662541992,63.61686680842828,23.188949495149558
153.57034706469392,91.32963338938697,38.725495451324036
165.93928203740168,76.84545045221178,27.907423778190008
164.64729835467156,62.06994011596767,22.896658595900504
170.25405208385015,68.37994244828563,23.590319176199184
,,
171.72504416492865,60.875632748777576,20.643161719939116
170.21062021342064,60.38911413714702,20.8442057074632
170.9945445703071,52.98532609416659,18.121373088479057
172.2739277512113,81.65915445651933,27.51476245088521
0.0,0.0,
168.85224675229202,78.31191367490155,27.467184788293576
173.08751241836615,59.94811153409055,20.009859254587276
156.2924001745694,69.09456258411493,28.28577943016103
178.65652922815855,59.334391048133334,18.58954260918422
180.8137603445819,80.79502255805997,24.71278268245954
163.6862401155061,66.27371039942443,24.735286191964235
167.58662208546895,59.03689621072921,21.020586166464437
161.21809657189928,45.37445156785324,17.457570726120338
176.99380483587817,74.13499824011161,23.665034983543638
159.3877771255409,59.37422421492839,23.371571779852996
167.7752298975708,69.76331174318507,24.784000186510426
161.41080092192328,62.62404837979709,24.03676151215303
170.5095427701129,84.31284371348147,28.999890485863638
152.0577072851028,78.16217128537012,33.804906523019774
183.26461642365695,76.70818131182247,22.839386906844677
160.35393575793736,60.758183150147815,23.62901027155972
170.59894683116275,76.99435065325284,26.45490273072045
167.8747695522969,95.72247413014064,33.96589449362773
162.378854880775,57.51720948774907,21.814178314990055
161.12219863364064,72.58508708843783,27.95996627200484
0.0,0.0,
164.7435940689806,90.97843138188304,33.52134006341351
172.7117018463731,64.03131852113738,21.465890895056326
161.98503114605626,81.73868321262967,31.151421532385257
163.5281856815224,44.15157623925516,16.510528533620285
174.7224715008785,96.96309080688857,31.76207903448414
179.30408496111116,64.64692707961602,20.10793710703114
168.2468359767298,78.18485985205041,27.620329206143857
155.78080128359562,72.26227309498891,29.77719273544795
189.97956079750006,66.16793820718345,18.33301288185188
161.4345069176579,95.28688453988956,36.56287894719043
154.58412600328214,45.2793069045073,18.94828815891004
195.9442458776815,74.48070489988014,19.39897348008239
165.95967706149062,83.65968508344956,30.374634679560007
155.3826731173859,69.55215817545451,28.80749090507805
163.1656023321132,68.22743823450112,25.627240697473656
173.6754489602227,67.85968431889802,22.497536989934584
171.9031155759394,51.58545369384388,17.456603941283458
161.4827080274641,70.57191076142402,27.063242474983156
188.2272360012796,77.69076285208598,21.928274341291704
0.0,0.0,
158.15313409588447,65.9158584828238,26.35325760469046
179.6069339846066,62.6541246644046,19.422425686188017
183.29062846539682,65.81054996082442,19.589123282632034
161.82506902383773,88.86616326244058,33.93476361764091
155.9865270696069,38.700475308691864,15.905309378334294
180.30438267415605,70.60107184821663,21.716944821201164
149.5267638694204,65.08367624055374,29.109463924062347
157.73378340603384,91.83711927755266,36.912104913434696
179.67446150050236,70.83238338165704,21.941138125410355
0.0,0.0,
167.36062651407312,38.14164972931661,13.617359015290589
173.52816606494378,76.89377357251084,25.535903035100098
168.4722557645459,74.2008679005652,26.142806191261542
157.01313277836908,90.85800950610907,36.854562530937734
182.76075346006186,45.379770867654564,13.586150433595334
183.25014052886814,67.67446287822511,20.152836654644382
172.0533256377796,70.99090392679739,23.98151209270554
170.4513401543201,62.56306758182186,21.533627418750218
193.39624806020058,88.24866570614411,23.594569563854275
167.23567154984164,64.91976721831904,23.21235035638262
167.4042301816596,100.5214381603173,35.86954247869227
173.64481249240507,85.81266863408383,28.459533749420938
184.7132195614234,84.262505455057,24.696670754941227
185.92770754417484,78.38948472086327,22.67616354733653
167.4142736832323,54.04456613461678,19.28266554948234
173.08331245959346,63.53355493733864,21.207660389551563
156.2191653293592,78.59127050285824,32.20369341941988
166.88023892083788,80.16335550381575,28.78498861549448
161.59709604520694,89.60775767621885,34.314565617394344
,,
0.0,0.0,
162.07713338193855,82.88656289178296,31.55299852909906
164.68394091988546,57.85560135939831,21.332556750796403
173.65848787916858,83.09967754105618,27.555437347097836
182.97825266973587,87.99604264622556,26.282349696789332
174.81115126388835,76.84229553740583,25.14560355895356
0.0,0.0,
,,
172.58716440229745,78.90198879404859,26.489329368469097
172.75600673984056,70.15278278068111,23.505992298759654
184.35049386789154,102.9744450800574,30.299875879261126
175.07238951109616,55.13993604059276,17.9899907204091
168.8377029961285,54.959971189453135,19.280026492528496
160.5251140509312,55.34656919897012,21.478538711111103
172.44443455961633,61.156301161821766,20.565669181490115
184.0134483129196,37.31602719707636,11.020372471172527
165.8961820634213,60.55524359589728,22.002851767704307
175.28943618416582,60.200729471081665,19.592518499700617
172.46147788684843,71.17771037761264,23.93094269540461
178.63519658381315,76.26700874809123,23.900261287448398
0.0,0.0,
193.4664703052656,83.50081364146108,22.308958254237908
157.20838892971742,97.0336334468582,39.26185906662629
166.34448910013964,66.87572345357505,24.16860913556578
179.38092540905646,93.61556856213357,29.09347240993416
,,
178.29986159081102,99.83097877893087,31.402434398966758
165.03897666017437,86.75925198532286,31.852443557285866
169.25195017319658,46.54143047740351,16.24696947533695
170.1223198363882,70.27941055992034,24.283177695540555
185.69259614535903,85.81487462356117,24.88704861428848
176.9042902438305,70.45819871560926,22.51411111842257
177.96672108364672,69.446747037324,21.926752265341438
163.42073907463205,89.04647125471456,33.34282348597908
179.6888263856305,59.35218726780844,18.38207713013813
172.25581663568803,70.26273419917328,23.67975770048164
183.89145315677928,74.85438646913678,22.135746146433586
190.14060154918468,64.99313559469654,17.97702253794534
166.93234223972996,69.69806344183694,25.011499949693054
165.93696869554938,81.62534894836256,29.644132547512015
161.3595500889763,76.4925643224999,29.378517174282404
168.5642048828368,57.869237020307,20.366530116762704
166.17974551049616,53.438140213011074,19.350632098703283
173.5950439957101,58.163467296150245,19.300814809324006
168.55433183066265,70.0187268368273,24.64531497731379
166.38400719218382,67.60090318364436,24.419082329992143
180.64585136127852,57.52063760174313,17.626565821087954
160.6211976884855,61.027743212252716,23.65492580974248
174.33107953151344,47.19941072211904,15.530553626985872
165.94058272811517,76.26780554825989,27.697210323288502
177.24368504869963,69.3997191197255,22.091040462774288
183.8526154672223,51.10318984892095,15.118488871822914
166.96901746575926,70.42930756281675,25.262808818109573
174.4103290727315,90.1393301576553,29.632611240474507
171.7879286573318,58.900962205521104,19.958923018688743
162.00577600456904,89.7270649858146,34.1871159151716
172.40787509741938,65.14813791274864,21.91733816852362
172.8912050527881,72.96742251774802,24.410866910627394
174.12870820446176,71.46626203633278,23.570039539825814
168.01601103179954,91.02285124007868,32.24401363376018
170.94192300310146,72.37650770178297,24.768542611910014
158.52389055156866,52.8714787119423,21.03933516353302
166.41885924520145,50.33544444338182,18.174765923091133
