feature_0,feature_1,feature_2,feature_3,feature_4,target
,,,,,-34.750217904338676
,1.1838190585107766,,,,82.69444703848153
,,0.6683539678434582,,1.7511355974144434,-108.84665595815842
1.123053197526463,,1.3156318621882446,,,-0.9403988300730874
,,,,1.1595962893754976,-137.50039473963278
,,,,1.8510541768497661,-293.1714036264835
,,,0.5587188371873778,1.0893393093166917,66.83152288710623
1.2107012531475165,0.619096478051551,,,,70.29642307908325
0.6778539748410302,1.1057145758432931,1.2920536322271228,,,144.39106081313037
,,2.209183966688679,1.3276154516053054,,86.97351407214776
,,,,0.7723145844407059,-71.24195379567217
,,,,,-78.61624787382003
0.40146414186699486,0.5140481406864676,,1.550630593257668,,59.35261119145227
,,0.7983480513491078,0.6593081195113274,,-77.06383119776744
0.7791875770008039,,,1.7710211503980606,,-16.964754619519052
1.5125307023025507,0.6170630447352031,0.6572011012960537,,,58.70244057557802
2.177052647488376,,,,,-85.52854979261076
0.796965795509925,,,,0.7041298480492758,-90.26694904579688
,,0.5058731822029174,,,-11.323304166714106
,1.4696805972037168,,,,96.7381141662758
,,,,,-197.84404210503212
,,,1.9072978364265534,,-85.10684339329681
,,1.9278129974385718,0.8684443105959316,,97.65855489762234
,0.7017100579770927,,,,12.007915638226384
0.7405453658744364,0.8316375589515773,,,,96.2278871944444
,1.2591813215132046,0.4747109773986651,1.8050893504578904,,193.0262329399994
1.9050230835354185,,0.80634841107493,,0.7968048330570654,30.099237847507464
,,0.7027256732712895,1.2094944936447791,,44.747248420625084
0.4048656929636095,,,0.5944103539572518,,-200.37649171924826
,0.5428733481036709,1.3186179262194737,,,70.4079178066873
,0.44839701652961467,,,,-24.02298517868194
1.4596548295855094,,,,,44.64728170564696
0.5717058930363165,1.3529420477706988,,,,48.920946388356725
,,,,1.7848823990323515,-54.037431306913824
,,0.8955255374169739,,,-229.34814224170506
,0.7395452071959393,1.0361977510121103,,0.824451800227485,129.8152706366892
0.5349706723637695,,1.4808862906533322,,,17.284582401135783
,,1.1399751145005097,1.9992396963335024,,90.72459702103741
,,,,,-122.69396763057927
,,0.5575038210338372,,,-129.80668769098025
0.8063654246577088,,,,,-123.90974160631896
0.6401696361230503,,,,,-153.2264863974989
0.8088204022778498,,1.6527489558168793,,0.7039658051286266,36.617997914601865
0.9690405516353497,,0.4472521554922508,0.6518839479369677,,16.079332674322167
,,,,1.1363427959118493,-115.19787000844968
,,,,,-144.94785191372995
,0.5051106120830741,,1.7914793403641365,0.8439710244055942,71.31942082769301
0.7186526282557465,,,,1.811496881871767,-40.02037643930573
,,1.1061717517923306,,,52.896799192909164
0.5084855561473737,,0.4910660434453565,,0.9886544793665183,4.672142040808809
0.8261098366938703,,1.8840011375698578,0.6417092451913268,0.6810395960445219,99.85009866161263
,,,,0.5417376476161898,-57.21348257383034
,,0.9527596891941905,,,3.2461593834226248
,,0.551334216089744,0.4837788340027778,0.8784535729984396,40.02180025169859
0.7745804977317415,,,,,-179.44540919528038
,0.6200799984463362,,,,28.08164540884357
1.4484116701223901,,,,,-27.377059201111237
,,,1.1475664521446984,,-64.66869764038921
0.4682376096968881,,,,,-89.8178988862349
,,,,,-114.03251719223579
,1.284590718685139,,,,137.93056419189872
,,,0.620148780415464,1.1364705083670374,-173.92696592305919
1.2254705453144694,,,,0.5369756969437411,-224.44773171352907
1.4795272035185179,,,,0.9238650159641746,-100.62165210753827
0.7634381813894765,,1.2736650541304377,,,-30.85149124483454
,0.7870165696408917,,1.0237763016208163,0.48892723963902884,95.59065320343662
,0.5886354597962726,0.8277079982342662,0.7283452130695429,0.9692305876119747,127.97734493799666
,0.5016396822608584,1.2115482569117613,,,72.05791970466949
1.085177848172317,,,,,-22.246028117612816
,,,1.1131782933007082,0.6098290776634929,-76.13793692787353
0.5314896881466579,1.3207501278261604,0.4437392912698055,,,158.11859608556128
1.7726916608999155,,,,,-178.33590987045181
1.3478575872624903,,0.8667746651846128,,1.464704483741246,-220.75716153014386
,0.7015384583583996,0.9311159083909344,0.7872729880011845,,102.44581827968914
2.5656515748356306,,1.2524957291499996,,0.9802629527216836,-157.70674655614604
,,,,0.46644580083980597,-29.220140623197928
,,,1.0921029610193338,0.4565023351677955,-132.10903932916472
1.7707056507337993,,0.6660345733898599,,0.6726257608719525,114.33400113287087
,,,,0.6012579620436356,-129.4027760337507
,0.41282137273314556,,,1.1321981917206816,-12.175353422593508
0.8084111769326973,,0.7364137445360135,1.6045279277362936,,35.9621108157642
,0.9775452018543154,,,0.5890241699257166,90.23584678821098
2.2383531617708616,0.7111924534215757,,,,-11.98540266774372
,,,,1.3087166789222824,-213.07816092799746
,,,0.4520640101516148,,-71.93855231118636
0.4622624644542042,,,,0.88323257530898,-178.49486879223738
,,0.8066431167227499,1.1685846151954142,,-5.01055063768364
,,,,,-170.3838163711715
0.5727913622096251,0.5047506885713305,,,1.9290914012185698,53.669935199884875
,0.5862503755302528,,,0.6283300457417965,19.424111915129167
0.42832741416942294,0.5570979585709954,,,0.6244151389325242,18.8255709105324
,,,0.6259704749887176,,-80.93793945813961
,,,,,-133.56953415064478
1.6216475959513212,,,,,20.450608006174193
,,,1.0866335418415303,,-164.4615932136318
0.848298179304868,,1.2716652332964993,,,-38.200757820983725
,,,3.544065010959781,0.9687451087912454,-108.68990643712961
,,,,,-266.76608976952735
0.6141129671981066,0.44162864841891597,,,1.223931818468504,33.97890367468623
0.4146253992672834,,1.0610866281588633,,,-169.176201010055
0.8624022887588952,,,,,-271.577834250765
0.7231929760287334,,,,,-105.98977545361826
,0.437822878510287,,0.8352595671994314,,56.02702196098046
,0.504152361376481,,,,12.057698908515745
,,,,1.0009326791956685,-78.29057131814831
,,,,,-268.05387065765484
1.0580223881158126,,,0.6321209472278112,,-44.42031114875576
0.5052110240856904,,,0.4953798153284869,,73.67132327168399
1.7197667929295155,,0.8137861787342837,,,-53.85206555080551
,,,,,-106.80357190967479
2.208419091154705,,1.7344330917873865,,,129.63002682782934
1.3420227509932474,,0.6117870490026632,,0.8752900534165288,-77.82375905334654
,,,,0.4919090174272401,-259.28827224979153
,,,,1.3040664633488368,-193.87053092879069
0.9738462572598192,,,,,-134.91701124718242
2.201390712287935,,1.3620649569274774,,,-23.58646866006926
,,,,,-78.08555786207388
,0.5193463295971336,0.9404670077214295,0.8416072037583913,,102.79919007971878
,,,,,-106.17702536606575
1.0064833299902844,0.7877455413114314,,2.1376116293792236,,124.24767310874957
,0.624287956648842,,,1.182594359069889,-82.47253755304413
,,,0.6638413612554662,,-154.09217589156682
,0.9480843874360897,0.5017911677776411,,,98.75026156600673
,,0.8515763202461846,,1.2802152727174614,8.782320554957238
,1.3854863405180886,,,0.7255161387753777,107.44990564988149
1.3363818034531878,,0.5800728940775537,,,30.957225125267982
,,,1.1635258596263263,0.799611626056244,-64.09926746532261
0.4078100146177539,0.5400241969892433,0.5952277718342022,0.5675134612896133,1.4072997065345885,129.37975298744115
,,0.7944982907563105,,1.711806867529505,-9.987562650855567
,,1.118183017150708,0.7064847605814564,1.1986426089954636,15.324450273073266
,,,0.6331686033160521,2.105161380972418,57.53040471758236
,0.6761049292948319,,0.8268892198167086,,50.31194167871755
0.5058102656436596,,,,,-236.83960004757316
1.1894182844634764,0.450997370432614,,,2.6537248753663505,67.77934394541971
,,2.188498986095991,1.5057911210760857,,69.12383776005058
0.4126650231818217,,,,,-81.92963348083754
,,1.0100690205936125,,0.7471412320266032,-16.78521483336244
,,,1.5979058601964082,0.6909252921300084,-83.70118104246032
,1.0637739837855766,0.45325450128577094,,,86.17633898282376
,,0.9230132368944994,,0.7376259301305024,20.67202378116345
1.0587806734902474,1.5289289948137401,,,0.6698080980093383,159.2425760506145
,1.002269272618513,1.7202653088549351,,,145.76985748220574
1.4178319728870847,,1.0663518911952374,,,43.09739265230347
,1.954711197261288,,,,155.90279449312297
,1.682284096123216,,,,103.5639744406964
,1.7675023957653402,,0.7839676512169459,,131.09389156098626
,1.4123806710927012,,,,64.79590149626425
,0.9899490399685423,0.41971082035867624,,,36.748089364149685
,,,1.6589403034315653,0.9679455131409394,-3.510847102530345
,,,,,-171.6866136496647
,,,,,43.99984719924687
,,1.1517714693868732,,0.5221638703884174,63.011728655519015
0.6472865640460312,,,,,-80.05057812046496
,1.1751578262941413,2.1960895592968157,,,169.15094951450882
,,,,,-92.4385811159544
,,,0.7534043708791854,0.7540621272311238,-69.72907259777799
0.5983980076204188,,,,1.8342020358562743,-166.01400236051242
,,0.7957144478653583,,1.3653656446411597,-147.12759240630152
,,,1.0571791296144326,0.6736363657086232,4.951309520086657
0.9830501486789515,,,,,-146.14564950760868
,,1.2972492001860536,,,-181.85036824787431
,0.9714218648162062,,0.6765165547809898,,20.825604187853163
1.1961046355079166,1.8400366231016745,,0.898549500341217,,199.2874473228538
,1.8090667486444099,,,,143.9209843823014
,,,,,-108.5741658064955
1.5798297187236194,,2.0548546198131667,0.9739051199932285,0.5825450545031773,168.59275989402275
,,,,,15.22947820470895
1.0994690810340573,,2.1672459731329945,,,-29.30924666726944
,,,1.6005625073699596,,23.70477804862095
,,,,,-257.8532610712275
0.47404231151220627,,,1.247385291974663,,17.6992191858727
,0.6694380133932271,0.8348285011924532,2.4388567065792515,,155.8287563481557
,0.5460731718082676,1.7062193080253947,,,54.038140065247646
0.8902605314672007,0.6437753809379322,,0.5619406165101333,,41.16391317755962
,,,,,-153.0003972471038
,,0.9014965331427323,,,19.215426995821502
1.2790399164592539,,,1.2632845023687043,,-68.67201045996029
,1.1672090836471585,,0.5011712644886682,,130.39114625026815
,0.7552429989905723,,,,41.89361975410093
,,,,,-166.77907721243673
,,1.4653547075286175,,,-9.028976219535283
1.1864610373303244,,,1.8968891561650707,0.6870107094481968,97.42679283882819
1.2278034334513466,,1.293259276930151,1.3443182079872078,,37.05989550902068
,,,,,-172.35890958260293
0.936102435196951,,,,1.312084416107226,4.3214166824107565
0.5970725610113586,,,,,-63.056490330818235
1.9806510466956204,0.9992846402345082,,1.054806433094623,2.4183912202545006,224.82929410230733
,,,1.7693373234006244,1.9972805022846487,87.96444245258918
,1.2243816701175614,,1.1208484436478086,0.5983301738078541,113.2123066111959
,,0.8365201560389821,,,-143.819296053036
0.7073785751419703,1.7670595744577013,1.9943449497198495,,,256.4003494298144
0.7347485957410083,,,,,-209.06394456573275
,1.036157261138504,0.5979310342286077,,0.5287746783588859,135.03465356443382
2.0700263824782756,0.7454472820569326,,,1.179913410425699,38.774485939710345
,0.5414440993897373,,,,-16.529555057454115
,,,,,-223.7222375201984
,,,0.5719563219724997,1.7236729016919548,30.625653223636473
0.649609440098562,0.4361529815080361,,0.5990395797343382,1.2931780855282224,33.148031092516476
2.1192403872289507,,,1.6609919041406227,2.541341032030526,-133.41828222487413
1.4184025460365826,1.6625550811140222,1.2179271419745152,,0.4799969943350377,243.57169957316353
0.6234079739950275,,,,,-200.75269147619903
,,0.9399808180928202,,,-49.56682583886832
,0.6075656271213766,,0.9956590114287024,,14.274555851060265
0.9261745266851372,,1.2744351442728192,,,43.30430986637197
0.4585549740189212,0.7827039386018507,,,,-4.900828490515071
1.558183630762687,,,,,-64.40310260475025
,0.5945838047755574,,0.9097833451011628,0.6902559291228032,47.190907275289504
,,0.6124001607980137,,,36.53084180877125
,1.4158751492646091,,,,9.797452725501476
,,0.6604209359413116,,,-118.65795857639495
,,,,1.5321637696085468,-300.0581838641755
0.9139404693229914,,,0.9511163073023188,,-27.75201311437709
2.0350091093347893,,,,,68.2447233300965
,,,,,-13.848359312324181
,1.7092071543529632,0.852680375827011,1.9390327007979793,0.6538332230623791,277.5149117115957
,0.6518648526930954,0.5463317060017511,,,59.95362148766158
,,,,2.46075292870838,5.9755821519159
,2.4264636746069916,2.0877459858751446,,,294.66836333884015
1.1903520289564116,,1.100663944921611,,,-124.63106907406328
,3.01471170930221,,0.6265947999958954,,271.6839597138784
0.4768135950246047,,,,,-74.26684270506328
0.4152452343233938,0.7759775664061606,,0.5144760705317492,,21.269596231327213
,1.179259334610126,,2.0026827664085918,,188.99946725076327
,1.5436977609924138,1.7423760847025391,,2.0544884403285804,226.21097446065605
,1.1982760366446361,,,,123.78804890437289
,,0.4106745854198008,1.5147146124944029,,35.986393034342235
,1.3380271627819205,,1.0075806827627332,1.0858213192287456,124.28584929502193
,,,1.0584747721189638,,54.28673303772799
,,0.6822210809128297,,,-125.6785329684893
,,,,,-128.42947604719336
,,,,,-190.13973854435247
0.7814674142474503,,,0.7576109369263103,,-153.09347889100286
,,,,0.5550896994415868,-114.73381564572125
,0.426046487244996,,,1.677789754745502,-1.5399341522023384
,,,2.3716035801677697,,95.08408068087658
0.7533844599846924,,,0.7037228188992819,,-83.54916815644323
,,,,0.7033130614575919,63.03394040911449
,,,,,-173.20733751091117
,1.7586928369548633,,1.827441941113795,,167.12154484349853
,,0.970804852537203,1.857928760058249,,126.34820901331047
,1.786597023926696,0.6034810103015367,,,192.7048341735967
,1.3498244592045914,1.4517058807768237,2.4616950171848235,,274.45866496384673
1.7111072916770502,0.8900101268264297,,,,-1.0792706431544445
,,,0.9661713059476548,1.5456737255866613,19.703737663050436
0.9916471684145696,0.6372914550139895,,1.1541362365280234,,60.256963416127114
,,,,1.0710204721128358,-44.07442837087391
1.6866513536678973,,,,0.6448412895542254,14.383049726622348
1.5561044375270834,0.5917177267819871,,0.5693741568237123,,66.55857978113814
0.9928774681886875,,0.8271023817633405,,,-53.39629396652796
1.980075233444019,,0.8766874758750992,1.6735268417175928,,136.29814467889622
,,0.8108637327605234,,0.9376148435095977,-103.26285676172982
,,,1.1769793635484866,,-77.40224601429473
,,,0.5215025255698525,,-101.93746707308088
1.4433000101297884,,,0.7381939592582714,,-14.70838904726858
,,,,,-6.6275983917436285
1.4546055390688633,,,,,-61.20219794165674
,,,,,-124.29980515762173
,,,,0.45209728845068775,-157.00071461722803
,,,0.6803425779863251,0.8949874360948072,-63.528854911684945
0.8425131082361962,,1.1131931245769775,,,94.24380846358615
,,,,,-40.00131780061423
,1.6332295165199409,,,1.3002489442520417,54.560274327926614
,,,,,-96.36205783368274
0.9917503454465558,0.46005434144644425,,,,18.28504985841819
,1.3768858861758493,,0.7628086895732948,,106.47232846462174
1.40337865669859,1.9631579869922164,0.8621103951896245,,,275.5015597735078
1.096542795975214,,,1.0874535506941656,,30.898069198388637
,0.6164221048147337,,0.4251332467137215,,10.485921437560519
,,0.8773505067396974,0.5102763111691208,,26.878271823803228
,1.475732678992345,1.5444420988742655,,,151.23795546467778
,1.4677833053712417,,,,79.41920101913695
,,1.1827134318744033,,,-83.43964433172142
,,1.3241852371455578,,1.5756045591557335,-195.03869712285675
1.762127663079091,1.2123681179019035,,,,103.09250873334739
,0.7536938995540108,,,1.799064234023653,58.54941729974809
,1.089787014204167,,1.0725207141772715,1.8920117699896957,173.11543416973888
,,0.631016571988494,,0.5192603543577117,-119.35078399352369
,,,,,-140.48758050226644
0.8682116183855557,,,1.1702608313680876,2.6041583532456154,-108.66875692676277
,,,,0.7302497537329496,-35.589948750688976
1.2753734072632077,,,,,-30.199856402198023
,0.7163309842882809,0.4550661535347574,3.3981273176629,,185.082250918175
0.9681026637765426,,0.734000384813558,,,-51.12559206914669
,,2.630615009851872,,0.7281727495472169,16.427459343591753
,,,,,-62.44171923239196
,,,,0.7881218046934625,-135.51862408800545
,,,,0.41298056552504697,-59.76594090244317
1.1841810163672148,,0.6196889216121123,,,-290.07205378581193
1.0527689396115851,,0.7070175029576056,,,36.97515175698977
,1.9792864055014634,1.1497153292266302,,0.4931698342388367,253.30349134193293
2.2725364418996903,1.215480593634632,,,1.783270810395837,135.905189215053
,1.1494092936662468,,1.224389286802904,,112.15003533596614
,,,0.6961362419695681,,-83.84069041660436
,,,,,-218.0016944586312
0.47917915941149414,,,,,-133.3051362575108
2.861136567633684,,,,0.993334501607768,-54.556981815726786
,2.043025801848989,,,,161.7183545852397
,,1.2638538399101207,,,40.13779598183425
1.8293296635272782,,,,,-31.62701333688605
,1.392095244121183,,,,72.6123937566181
1.5751373210879114,,,0.589503049877248,,-255.7399829164632
,1.974396744480029,2.8334956118942727,,,255.73318692299483
,2.0737786828032836,0.6906305697567595,,,185.89062377823547
,,1.686596136022188,1.7141834666243372,,104.0391852614395
,,1.8103026100041621,,,74.43682522154165
,0.4833248272528027,,1.0611942762765827,0.8055938349951759,100.74129122242066
,1.1127725178150552,,,0.5374325913880298,102.08189498251
1.0974298314165813,,,,,-207.65016956652926
,,,,0.461230493586657,-256.6140807024261
,,,,0.4919155381513867,16.463149074223296
,,,,,-45.614978951096326
,,1.0270458521777606,0.7360787560448773,,-137.48795726909813
,0.4479306733793902,,,0.4399514034031104,9.322182877915507
0.5205988811089679,1.191931236215073,,,,130.09101754004877
1.3009415130316988,,1.6181924894390771,,0.4614248329585187,48.218296127917434
,0.9572338077486858,,,0.8262494226728235,106.33692832012574
0.5924779841207163,,,,,-185.054258650449
0.5319253213688535,,,,,-95.86187873756674
,,2.059917908414474,2.026802368936906,,-28.790647634682024
0.7506927951289866,,0.8619647560864865,,,-193.58163311747657
1.421582856672674,,,,,-211.8926494699175
,,,1.9441077035254948,,-31.573488278315605
0.9681200772406187,0.7722299334832914,0.6226270398123211,,0.6522282001166947,117.71972086833135
,,,,0.6757518815092038,-57.30166673063372
,,0.610511002359014,1.0955860002743094,,61.268822037021785
1.1907461160252475,,,,0.7061285491093263,-49.15255800766836
,,,,,-63.88112539883368
,,,,1.2079940398603866,-55.16018820238188
,,,1.3454829678839195,1.861373071318222,35.07474835242741
1.96754074619586,0.4565998486985019,,,,87.84932900459161
,,1.4338344891601564,,0.9515573777304999,-50.178115935009544
,,,,0.7771822721048227,-46.68265119063505
0.758800933975769,0.8635713591358122,0.49462463957428626,,1.5749486993076387,144.40977213120206
,,,,0.6131740018915679,-34.143199354679886
0.5032602265255054,0.5823769459527517,,0.5162649162799985,,36.29166909774152
,2.091576369778548,,,,109.46417713920687
,,0.4109902028775005,,0.5272865396919497,-67.23597628685746
,,1.714164357415557,,,60.71769994772011
,0.4313450998777634,,,1.2571027806551944,6.717562118003326
,1.0890990028474443,0.9618064725106198,,0.8209819347379005,105.37442066924262
,0.7411650473265385,,,,26.19130358475098
,,1.6918348375245835,,1.545237712763686,65.03159150122075
,1.1764904376350318,1.2907055153121305,,1.3963475039118443,160.91898581842278
0.7081298604952805,,,,,-200.8521442438727
,0.5772483723755298,,,1.0784307441987107,63.14104460411461
,1.1425235608781303,,2.0267396784843514,,133.519635305666
0.5027972945255772,0.9641787733834252,,0.7211195208758526,,135.25760722614785
,1.5680050310433193,1.7275520426206816,,0.972911070368237,190.24078692745368
,,,,0.9179431915621112,-28.03957668874489
0.9583919516171138,,0.8332786171034329,0.6612305108643234,0.598155247464706,93.61272375479702
0.7431321798582009,,1.5371378108818,,,61.30304576808722
,,2.0620511530068595,,,-56.35372026531691
,,,1.1061868381238813,1.2082690915880543,44.608171090710904
0.8077734312917835,1.0574892793021782,,,0.42131979423243615,131.67612540431526
1.1315784515395237,,,,,-2.6227015324429357
,0.6029641034412616,,0.7951868616415204,,61.1160469585415
,,,,,-50.84701706505184
,0.8311199979939045,,,1.0338053760086243,76.16984974646697
,,,,,-106.75535360190797
1.060288640887317,1.8259972117410466,0.4615180463781131,,,177.89776438788212
,2.323266984454728,,,1.0627695995287993,177.4890987137184
,,,0.41547515150624903,0.6276112125924505,-215.97798602018244
,,0.5859117572783072,,1.4247188303170473,-54.56263888720304
,,,0.4794416917432683,,11.285776424678774
,1.9757358680726422,,,,151.52891765449638
0.8086627654972872,,1.6393038833690963,,1.0787190508030151,-26.226915088661908
,,,0.6596522987772498,,-80.37689547898152
,0.40795690975064797,1.2749773820208183,,,91.4631721647064
1.315094010107804,,,,,17.76573440083797
,,,1.6345516920769652,,0.6803701126158472
,1.423754075307279,,,,72.62582578784045
,,0.9708869120133524,,,-25.40548971624973
,,,,,-137.9664560391693
1.6852235114797387,0.838548926313624,,0.7063706972505993,,133.49122719737548
,,,1.2570848921053457,0.6201240509569362,-57.63917335138223
1.422560328842514,,,,1.7301718049856214,-37.08821296617358
0.7548991665498829,,,,0.4901815174907414,53.126432137182896
,,,,,-172.70632796655627
0.825954155620064,0.6034780416679837,,,0.7616721862950018,56.205721400182874
1.6462309518099063,0.8727594562340973,,,0.6968089911603528,26.19018074149547
,,0.6953772364017292,,1.9127268503065222,45.80631638185185
,0.4303448381710576,,0.9939277907946352,,63.151504743108454
,1.0547778142766568,0.7707688064351387,,,98.39223774963654
,,,,,-147.1898228753491
,,,,,-5.6757978838210486
,0.5622502831697198,,0.7644782203057904,,51.87894043519267
,,0.5083129561625233,0.9354573648487758,,-24.34575118493375
,0.8588947966598731,0.672034945655442,,,99.44240263868296
1.686093154338994,0.597303366831519,,,,74.70950064944246
0.8072610563356423,,,,,-11.851321916067073
,,,,,-88.97882528333759
,2.3919199321195173,,,,178.86882064598905
,,,,,-128.960510196262
1.4041659401003963,,0.6502223934069432,2.5511742525026477,,62.00761606575507
,,,,0.9956151640252442,-50.10321679299736
,0.41998874522080465,2.09018482476606,,,30.306609721408634
0.9430514466067954,,,,0.5958974585203659,-66.27228351763296
,,,0.6420255015353197,,-63.832089037405304
2.3210039960618047,1.7660503040522877,1.5383304390525525,2.786049937813325,0.4805186781082244,390.11552314091387
,,,,1.2399368072885906,-26.16983349334602
,1.222798635970556,,0.47255739938382246,,57.67243609906654
0.9362057375372537,,,,,-56.584099289591734
,0.9646742396864201,0.6063239220082872,0.45170464989067716,,90.66225457959551
,,0.6652715062900945,0.640960799203096,,-65.06385654453037
0.4705989135033593,,,,,-143.9071585080636
,0.6534786562187336,,0.45450257208562816,,35.211650748284896
0.494180214280795,,,0.7873225056465234,,45.5452814507122
1.8103275907226957,,,,0.622932269811964,-121.75261811135022
,,,,,27.87263850690044
,,0.553001671903652,0.5375853070438055,2.2494375841962904,-8.930376739877731
,,,1.6427259073979663,,-194.41705484364246
,0.9758820833077517,,,,-53.71334570873055
0.539401988209408,,1.820871810123474,,0.43129981306371623,14.923267578727115
1.563992154846776,,,,,-81.08658678187093
,,1.265155500436636,0.9689506522521703,,14.157044487356266
,,,1.1694082321564618,0.46245398612712674,-62.259504318724595
,,0.7528483312002712,1.0709129433745872,,39.432184047030475
1.7467873866019517,,,1.5773708700880358,,-70.06967886973766
,1.544984795382366,1.2668472405671247,0.517230050277387,,164.09425232785298
,,,0.8170366862591912,,-168.173282980398
,,,1.183920483851373,0.9958934155892449,71.02225677401704
,,1.9888200537837943,,,-77.72311336533345
,,,,0.9646017573036937,-161.97467149843132
,,0.5889111175754248,,,-43.04904635653829
,0.6528415343211572,,0.8336373968036918,,93.68874944796927
,,,,,-222.3158317781959
,,,1.1917378358214277,,-35.854381368321796
,,,,,-180.34804365367444
,,0.6837095369080293,,,-91.62850388265564
,,,,,-138.05659753919338
0.8227173745004389,0.6772085213501834,,,1.3573404667461746,80.4750338365217
,,1.3333873002204246,,0.581873956823205,-21.90436875516373
,0.723348218864005,1.1263475324349776,1.6453818327071346,,172.3684360766507
,0.4124844627915127,,,0.7810789812152732,-51.826670362957515
,0.5820033544286162,,,,-32.46966697394335
,,,0.5867973779847261,0.8781824149703045,-36.87687601553489
,,,,,-100.40732073465871
1.123176946601683,0.8424887372351394,,,,65.84630788188274
,1.1970945262589563,1.0437133532761307,,,105.5728431126051
,,1.7396974071200668,2.5074952378588335,,126.07861403509153
,0.9660407980573626,0.4935160352028785,1.3573246619264427,,155.96122977418858
0.4803350469534765,0.43346565005563986,0.8729328675754577,,2.4261928146830667,59.6823102051078
,1.0189958316879406,1.1700770630296313,,,114.2000637156225
,0.6960654170770493,,,,-1.2054439464707285
1.0530000272987412,,1.5274293868801814,,,-37.87122887057673
,0.8190549384206998,1.0859828944453254,,,103.7327750815074
,0.6611027776811732,0.8157651649899931,,,62.4364567174507
,,,0.8627049219900169,1.450087042175752,-151.49567525234738
,,1.1053069074036117,,,8.49990292685186
,,,,,-171.85413583388925
,1.1681684014540978,,,,57.646143276175295
0.6412790194105756,,,,,-40.63015704089493
1.0522019076744333,0.4720114314628812,1.1056008152536936,3.1496480111345417,,220.8811107308292
,0.969548066889097,,0.47135249082772884,,89.09346456383345
,0.7020106115294077,,,1.439900556356811,76.35737465381861
,0.5516522685790743,0.8251837245533683,0.8113303189214178,0.49475011253520057,91.82618007579018
,1.4574842978317002,,,2.329617483453713,119.77208670478758
,,,,,-247.72087620520992
,1.4726302506630577,,,0.8691275372181939,119.26814036977986
,0.648943606259271,,1.6403972809330398,1.4512546569546128,81.35540334956275
0.44051960638091603,,,,,-48.012397347174584
,,,0.6291750910507029,,-31.816354026401577
,,,,0.9952903995220314,-151.66470561243057
,,,,0.7786273646421575,-104.99614707419758
,,0.4803243748750477,,,-187.9481825484673
,,1.3060614618427262,2.2085166800091733,0.5661869364210564,140.1147162399006
,,,,,-170.62849878188078
0.4509728107517077,,,,,-19.10377121097605
,,,,,-179.88339818814046
,0.8787342780476652,1.6770591752971125,,,101.64538107050718
1.7992510456861954,,,,,-133.08324365133066
,,,,,-156.50817588878928
1.3686296220971284,,,,,-132.49678317477122
,0.8209228791097093,,,,55.87574680404679
2.1356261011732305,,,0.6473326855134786,,-114.31687781716487
,,,0.910251681532861,,-102.34286414594658
,,,0.8469255812126805,1.2727575366353827,8.196444601013171
0.5628399963216041,,,0.989799345927511,,12.534287771001669
,0.4026445114641222,,,0.7418087414777685,13.803560005278614
1.3784902221527295,,,,,-180.0563163988463
0.5622390597582658,,,1.5227112992961702,1.4984673241370412,23.12550734227338
,,,0.4478928585579239,,-98.68238140943473
,,,,,-73.63243168790147
,1.797733840577358,,,0.41818896442890974,136.3615858467143
,,0.5925553079287688,0.7288186376596363,,35.1230321336453
,,,0.5216912595809831,0.492239464464855,-248.11312997907064
1.279083869442422,,,,,-44.768453274803505
1.725038589798016,1.1330634416071725,,,1.0303846938889931,121.05171087638811
,,,,0.5751078209897706,-20.675565992763094
,1.2551054165830837,0.4460125107285377,0.6867092043485655,,177.626649448162
,,,,,-318.8850379767807
,,1.0286103113033778,0.7038809278242575,,-100.66482292605104
,,0.7700224871307078,,,15.897138886175805
0.9142595447941229,,1.9256261274619442,,,-9.658216999425418
1.3652861358913664,,,0.5946985299808122,,40.96918942885282
,0.8646729305935682,,0.6273920740836848,,74.66024242736349
0.6694161911868851,,,,0.9813839922750334,31.629844280438995
,0.5563090120364924,0.7695651437810074,,1.1183812821105803,11.490062848433194
,,0.9733659524856143,,0.6238959430765766,26.45163453467207
0.7463830809835645,,0.7879312524960529,0.8077257283550481,0.4613635210800931,40.758867286071784
,1.0425415920925094,,0.4631620978788213,,42.78115025218262
1.456328471979585,,,1.5814637234833284,,87.82991518511086
,0.7770822584652559,,,,-2.003548419757583
,0.4142175849508347,1.6130357374638709,1.1228314454991277,,82.8518067913052
1.7004292964590928,1.2924293743370827,2.5403910976814337,0.5900047611044712,,288.8045828630969
0.4861712414658739,,,1.0886147013193521,,-53.590406291459445
,,0.7462485394318988,0.8458396242433921,,-10.911486305409603
1.3221671462211262,,,2.8917029899567672,,71.24550134509286
,,1.4552426408204644,,0.4334552379006314,-66.45371908927
,,1.0475136370876286,,,-64.0880614502417
,,1.022512793696016,,,-95.34846841147404
,1.4063704050164938,,,,41.592054682266784
,,0.6725196983410208,,,62.63359191234997
,,0.5624237301311782,,0.6589541347810364,-110.1609346269223
,0.804579635737642,1.3775475229465746,0.8286601215177316,,144.8338722834539
0.531665595938595,,0.8458511844690035,0.9012067804923078,,108.25666482530234
1.650748344305217,,1.4536681740739517,1.2194930225666292,,25.19569378353381
,,,,2.5052652454734647,4.463037914521907
,,,,,16.12062401618612
,1.7697907328371107,2.041190503194086,1.2484680394227587,0.4792500958967251,313.41284639939136
,,,,,-118.42143837150178
,,,0.8267029743814808,,-151.68637017322706
,,,1.8420001495344303,,-168.32617745608212
,,,,,-239.67716944934907
2.3517718389720548,,,,0.5488358830184623,-87.23758597128581
,,1.050399535874439,,,-1.1499175178054284
,,,,,-105.6233402580725
1.1962975438431387,1.6311150974555833,0.684842194105591,,,178.6555842592468
0.9741233692959304,1.420618292774008,1.439293483835469,,0.42489814990581537,222.67401124065677
0.7353411541977961,1.5812719516191547,0.5117789786504942,,0.6187258381044658,189.0828919599169
,,0.6657600540078024,,2.2819029165141713,-51.24063476594018
0.749013955074131,0.6450378554489973,,,,-3.1557777667244
3.089889607686385,1.2932994952412589,,1.9499750409961005,0.5225100702105114,216.16497252265137
,,,,0.7840560382503569,-53.94449938507707
0.6717424821918727,0.8162218725571921,0.9839235372444523,,,94.82118448861267
1.1262461801557098,,1.6982903924269561,0.7295193509862021,,28.969575044329336
1.1815631368820914,,,,,-141.3587560615407
,,,,1.330157225136864,15.718947764244012
1.7616702321368773,0.8144667327485066,,,,90.58638870040392
,,,,1.973898578442583,-28.05018984118919
0.639125763478494,,,0.448317562430157,,-25.93722571648538
,,1.1504870500333517,,,-141.49307914124134
,,2.205529568265414,1.2833791650466513,1.199336780928251,-9.10680151828055
1.2715241476539387,,,,0.9502571938685426,-119.2870370273672
1.6177170757757846,0.8630877860052469,0.9489482228070966,,1.2428010820599429,135.75262530638426
,1.2713334395850988,,,,65.42725618992911
,,0.44329092660742553,0.9686818916312215,,55.22198066629502
,,,,1.0705794675782778,-24.043040673795304
,1.0474969148759905,,,0.5375171269731426,41.14623151958393
,,,,,-17.926626057011664
1.0142548571152574,1.6078543368082463,,0.9025329600753249,0.8873823641411338,179.6599437248572
,,,,,-257.37550094789447
,0.9092339421829703,,,,-35.23223677720667
,,,,,-7.738503296713446
0.8262314899624682,,,,0.9533975332379796,-11.518633894066674
,,,0.48861309641645756,,-122.93887900647282
,0.5502668638209331,,,0.556242187528883,57.179421897009526
,0.723972744069368,,0.8989032098691095,,95.8560216799747
,1.1632297551407775,,1.086308754436352,,52.81388261430725
,,1.7015660700528568,0.43866796255825996,,-41.25742924339681
,,1.2724965439077798,0.5488278614010552,0.4349370541780767,54.1172403861642
,,,,,-19.771546588399776
2.81598590372273,0.6787426017187439,1.5984264553578396,,,178.0600192943254
1.671962960073275,1.1491370484685344,,,,111.25370015695148
0.8222321820393413,,,,2.0905299019716126,-120.30401897712777
0.8879108862517514,,0.5165570447998351,0.8829862054617901,0.4575149018450362,-92.05089582268783
,,1.097221329671825,,1.3808065884550094,60.13387252116775
,,,1.0363849679305441,,-119.75586680566202
,,,,,-79.37574078653475
,0.6408883245136207,,,,-67.70126347728402
,,,,0.9289250606418465,-67.81225562333763
,0.5230396329635579,0.800765426739591,,,67.11616583789956
2.713619777528997,1.1741881650593213,,0.4785303141499034,,119.04804655661496
,,,1.9938629392325948,,40.932053605811106
,,,,,-54.94647987206146
,,,,,-185.0039722785204
,,1.5790894560712077,,,-9.41763249990137
0.7590326768672186,,,,0.9384154217891143,-18.014723298058673
0.9615000943039684,0.6593409950691119,,0.852174181321905,1.034360098014559,131.68245323432333
0.42229163126339586,0.811995575354132,,,2.102044755837806,44.9793738370247
,,,,1.4072381367677635,-124.7334148880455
,1.0001293357539818,,2.4372425759242193,1.2297551305579804,135.61828804197407
,1.0823538731623088,,,0.9605779037089842,0.9793174323373649
0.7589443197586707,,,1.0931229758819565,,-223.75466930765668
1.3960213653814821,,,,,-288.4023491680676
,,,0.49549866914018087,,-107.64090743875818
,,,,0.5944456040041143,-41.9284731481149
,1.778269239304477,0.9698408648399088,0.6401248756416215,,214.2744087274136
,,0.8910705409104919,0.5411930073004309,,22.216099885273557
1.7636192077507902,2.1356874094133724,,1.1616782313232301,,291.6969391808898
,1.290548225767958,,0.8651565501202622,,113.08513153231266
0.8136361486422357,0.43328413343925887,,0.8050837886620336,,36.93867972236529
,0.8056510328936717,,1.1340005008147496,,91.85684105561678
,,1.4270089026990616,,,53.897515089839935
,,,,0.7030651467411015,-63.16733304080529
,1.3882009388541612,,0.7243545112656794,0.7600229424410339,169.74464343813634
0.4940400192124002,0.4374244857229345,,,0.7937581430991331,-88.58826901106505
2.762684532731502,1.815577481595072,0.6342839331822381,,,252.68100374056792
,0.5681840033403978,1.3054024262651662,,,38.633140359083534
,,0.5826808130151858,1.4325861182252961,,60.99812088857725
,,,,,-203.77200992894655
1.4992765840168665,,0.4401478606997584,,,66.97087806901285
,0.9118317785133704,0.4350783381858596,,,65.05863857025318
,,,0.8731831407786059,,-4.001145549289786
1.1959764624837037,0.4029445735036032,,0.457040065596367,,13.66776217426319
,1.5723062561857772,,,,5.2973848268356
1.233391932409381,,0.6116200011127101,0.5850713443840813,,-21.65313254433501
,1.4203798480283505,,,1.4948228998923268,10.546382383336216
,0.6667060608586094,,,,15.016075608154638
,,,,,-202.61877303333412
,1.0988140706772018,,0.4888547009129279,,91.79133968683759
,1.185829198742175,,,1.216459777899117,38.386218208448135
,0.6330367262505261,,,1.434408045034828,39.07142379958089
2.6805088716332452,,,,0.7880490843170695,-77.55366369974571
2.4635569321322595,1.1463660752968312,,,0.5762996530405098,117.0655535061273
,0.44398582156052974,0.8895536310796278,,1.3711410473420906,74.63274625941375
,1.0994870253330813,,,,60.730899389224604
1.3461197518982968,0.5465691628622559,,0.770833961123564,0.4699735403318847,129.99743886345559
,,,,,-295.63683962762525
,,1.861257373980529,,,-49.39200393380243
1.4279519022530862,1.2933698874856707,,0.42193371217351033,,181.34927216289708
,1.4610256223390974,0.42554129427578086,,,123.5199471812113
1.738397194049411,1.4586813374587233,,1.539017375255416,,225.75459953486052
1.2497575715479559,,,,,-34.02383848611016
,,,0.43558791669183916,0.456121658752389,-15.824063971787867
,,,,0.7675900769499596,-62.337228865668656
0.8378704176677894,,,,,-87.42627034542681
,,1.7089640520298932,2.986329375576428,0.5190695393722207,139.35049582157035
,1.0462572134371722,,1.6022113887316758,,129.53503702632747
0.6780199154669925,0.7999112816883867,1.6440967778524607,,,136.47518014682754
,,2.5333390006978433,1.4011040654640814,,164.92991929220645
0.7686480879681981,,,1.619813234242322,,11.170727456465194
,,,,,-200.83335653694778
1.3023407448537614,,1.7369429430193026,,,65.34394422847119
,,,,2.3391289515689104,-101.95214084621021
2.406122358003271,,,,,-140.58858433748094
0.8055804745307268,,,1.3387779704210623,,5.7087453826761925
1.880803518793316,0.6009383807117264,0.7051733219097177,,,94.57428578006517
1.3301593553547282,,,,,-7.484948574603755
,,,,,-118.42212487114736
,,0.7999272995299169,,0.5892001322325895,-97.93228649779802
0.8952052350186248,,,,3.2401391486368074,-42.33274033537809
,1.0912989562952675,0.6213903365383007,,,106.59725497847778
,1.6463292076954565,,1.0078568974549134,,105.81190619956664
,0.4514695865637963,,0.9877351010253084,,18.206558641961873
1.013445759883764,,0.4531636040605758,,,30.64308812090415
0.8579485996243433,0.6998157231050156,,1.4216958832848487,,115.27855028864805
1.3244826258410705,,,0.5141458264060461,,-95.62351769721887
,0.5406307261785857,,0.4715284841752391,,53.35849585460643
1.843925742515286,,,1.66675312854367,,101.18378734753318
,,0.9165681806443017,,2.05727186499401,-27.203345033069276
,,,,,-7.80806051979066
3.276399345113,,,1.2065874198042088,,39.10774714789879
,0.4857158413539969,,1.6087138830488947,0.6659488378340656,48.1261504563245
,0.5710314643971474,0.6993003997179004,0.6285994930303792,,80.25502050328039
,,,,,-216.13411303876708
0.4106739732747986,,,,,-52.61606532090083
0.9566228117354912,0.5173372946836405,,,1.4146426674953478,74.43023999161868
0.7954876949548881,,,,1.472137828165119,-99.13643417443213
,,0.5332736027835934,,,-58.25196054074091
,2.2123906375910085,0.6764786687730411,,,240.04825677647923
2.0976951890053264,,,0.8571303317527184,,-45.268973521949036
,0.5580396715190163,,,,-7.432629719239743
,,0.7823727702921633,1.1620077042712105,,53.81483053524326
,,0.7980598733523421,1.1985326271211874,,71.66116010490721
,,,,,-148.03588851994482
,,0.5086578042798411,,,5.89814310570482
,2.8916586930758936,,0.7939465334712549,,292.74895596775264
,,,,0.9665442505206122,-42.4344749648844
1.3091366419632775,1.8658445522852707,,,,140.4096160896627
1.8075903221923073,,0.9297402248111573,,,5.447658110554884
1.3404064201142178,,1.4189180719126842,0.5928122348342872,1.4590223482918887,137.94864088572814
,0.6847193878884175,,,0.5511767023571392,92.33305279627065
,,,,,-153.5354611846445
,,0.501987657388833,1.7662398602994058,,46.64778346886085
,,,,,-113.3244830246376
,,0.6650224694439736,0.6696226323802841,1.4303627991183554,-74.85200314799913
,,0.8950975559201985,,,6.910434805333737
,,,,,-235.42834116598195
0.8501865538483758,1.6933256357403823,,,,154.95546015474446
0.6517110765969125,0.6589353548536838,,1.0848277401561082,,119.05282659979913
,,0.711045304397363,,0.9909581870356614,7.837234842551664
,,,0.5117309642699077,0.7889701250469207,-121.698957617388
0.7516239610463575,1.2722703777665494,1.487379807016452,,1.1125641020748327,201.12425870016486
,,,,1.50944905040265,-147.26069466206366
,,0.4310880736371018,,0.6518577695156011,-7.208747346940653
,0.8628761738997408,,,,24.531489807406846
1.864270367885672,0.49470466805022306,1.220782917368932,0.8912902117888275,,140.712408220302
,,,0.6109643442466431,,-71.67411709254422
,1.1954527117529803,1.5665091267059081,,0.7394094886164625,133.1684653885173
,,0.5721257176083903,2.042257840510792,0.5959313470391664,125.84302491058762
,2.577054329570032,0.834262757889537,,0.5218483720258803,308.3835645112433
,,,0.7167056822387093,,-139.75176815705638
,,,0.5771933171877279,0.5494295074357635,-21.49358022927819
,,,1.9815242670826692,1.2051177396144506,-48.36138092111909
2.473266082762811,,0.4069067258566319,,1.7114017557841346,102.65925202996172
,,,,,-49.294787540257346
,,1.0909666745194195,,1.5538005010876805,-140.30352357594452
,,,1.3776074471743054,,55.82042404126252
,,0.8042562729474444,0.6426567318548759,,-120.28518018301538
,0.8935920406314611,,,0.7048615481957615,-0.26883491004531973
,,1.06518318012364,,,-64.11971303322719
,,,,,-245.3552800666325
0.41114353331964326,,0.9397074919455912,,,-52.62526848985931
,,,,1.4967567859904742,25.093988470913878
1.8329505259537546,1.753825244849748,,0.6120825008037826,0.43711300792073243,222.5484770389828
,,,1.2557661752685587,,-309.43328866508347
1.3240877836120952,,0.5721002083009874,1.117580732245625,,55.50839685872281
0.5664250279877657,2.0531401837412075,,,1.2958270717726919,228.92341872720442
,0.9626802348862991,,,1.5080122737897765,86.14459808136185
,1.0484848737045507,0.9763736729794835,,0.9308745119372439,131.4726472674422
0.6512750441186885,,0.8895412311690245,,1.5882941520549443,-111.69954084211936
,0.7424442386469563,,0.7601080308146904,0.5253074625021505,60.59322846482812
,,0.9149234801178312,,,-44.94008899394507
0.9387236162381593,,0.4986048184872299,1.7461537795510573,0.7537356371784484,128.96951688236427
0.7302838193069643,,0.6846612305437452,,1.0699134354109718,42.52132669700849
0.8355827763397274,0.4730826719950572,1.2933001091062284,,0.5035427567167631,89.92877475631558
,,,0.5136350338651522,,-380.45434322490513
,,,0.6322992097833006,,-81.25554449827442
0.8686752713391771,,0.7075423509341688,,,9.216189630875155
,1.2840410068362866,0.4510882125055664,,,-6.146260311900185
1.2169688626813207,,2.0361561863588413,0.8403568239355511,,-2.57266477261635
,,0.6622033339461874,,,-232.75989368740164
0.8108617160332247,,1.2236068834576266,1.7616750951939784,,108.42422376979209
0.707586457485561,,1.1548911426353936,,,23.161775600947553
,,,,1.1616088136571376,-232.9814179703249
,1.4057130510158269,,0.48422077434684196,,152.64126129604523
,1.1490280629982936,1.0336292027789111,,,123.22141818693221
,,,,,-119.27113888778206
,,,0.6301795923651135,,-279.8483007468192
0.48809538137918235,,,,1.2277999878516854,-23.436174512578624
0.6165953861145571,,,,,-117.29408940999826
,,0.9012697695616143,0.5090461386740671,,-150.43450752325504
1.5798669556055074,1.1387808119221292,,,1.1002751801452397,119.74213319648157
,0.4367325555648351,,0.40120716348299545,,62.00805142653694
,,,,,-23.91626869625051
,1.8348201445867027,1.667012705357071,,,213.9691062459301
,1.1876411393589066,,1.6923297206772177,,64.64482119411491
,,1.2122600577854137,,,61.31112214460399
,0.8645719724972687,2.4739587804167162,1.2751244046611432,,214.37038618074072
,0.7437158203998124,,0.5559487499581871,,-17.840156586079107
,,,,,-32.68188972952905
,1.6056113832418772,,1.096117935409184,,205.290954268961
,,,,,-311.6864207150401
1.2502869129412333,,,1.193103673332268,,16.65006641321712
,,,,,-178.45884502752193
1.1230392976314654,,,,,-78.95271620668741
1.1612076717580284,,0.8762130742723462,,,-23.84823040579375
,,,,,-116.93572297511471
0.45918016733486333,,,,,-111.02896723892044
,,0.9026602893824857,0.7357213110188878,,27.22016494510809
0.4008231637352854,,,0.9424092950341348,1.1683646329483,-21.747095316400152
0.9701010940126534,,,,,-8.79253207944096
,,,,,-320.9864314403946
2.2439212755030495,0.8704491697413075,0.43782376624357244,2.085410622092149,,227.67181552326065
,,,,,-16.693318654598848
,,1.5419723478386336,,,-21.561030600682813
1.0473517424530512,,,,,-184.01335259547733
,1.1168681622707382,,,,-5.407813453502382
,,,,0.4708762567384327,-16.119840509990016
0.6500889080816444,,1.6527497035142258,,,-56.24092437459915
0.560652519578775,,,2.1597392606609995,,-119.03359442678935
2.0136989173313573,,,1.3926548882840513,,-25.817933455985074
,0.6126409425877073,,0.6792608808887145,0.8277131735827529,104.67628072065763
0.8791383240395397,0.6196631181624246,,,,25.196697931797615
0.7328675824556993,,,,,-74.82495710746598
,0.4079971272497635,,0.5945261269679613,,-15.192360796282742
,,,,,-7.7042157382252725
,,,0.6200836816119566,0.8475803182091776,22.447308612736247
0.7102985786210347,,1.4269674044104097,,,-140.48112085296714
0.41857288599115444,,,,0.7933493236860584,-191.36283813793872
1.5873276541102175,,,,,-132.7583776619202
,,,,1.140858986701614,-177.48288617687993
,,,,0.7241672408771637,-34.23657571467419
,1.357461365683299,2.087993682510094,1.791670710523534,0.7077148828661287,287.0142926922802
1.6610939118967147,0.9834818955451907,0.5920368258199804,1.0341099905036009,,173.77098321379594
,,,,0.635253064848071,-64.07809476221519
,1.8166061635554727,0.8347497226433022,,,135.09349153037533
,,,0.8108631155983491,0.6423725916415679,-72.17511058460109
,,1.6604268534933473,,,-171.3338371358478
,,,,0.8491426059321912,-40.123065042093955
,,,,0.636670153695832,-99.26264668037958
,,1.2737053478111904,1.1461819030494391,1.054127008309619,19.13258538101008
,,,,,-165.4213065521608
1.299176580869636,,,0.5324643077886954,,11.000205083619093
,0.664052953305583,0.7555152605285028,,,73.61287683021465
,,,0.43145995772721546,,-199.7114372724938
,,,,,-90.8336187959589
,,,,,-87.89729194911186
,,2.68797624380741,,,133.60890968560977
,,0.47274897347569583,1.4466314098017299,,94.04484528902
1.0954494845089495,,1.1653523825521162,0.7888842075486421,,126.49366641965489
,,0.9815328752991211,,,-162.58297071768428
0.4861685979665005,1.1603481809669742,,,0.6868752232028936,88.07668581174556
0.5146715543882296,,2.114414834308793,,,83.6084089352343
,0.6682132544361378,,1.1520386983137296,0.8915212184058299,118.35457716424537
1.729289675723977,1.098196118243411,,,0.9840414529044801,150.9767828777686
,,0.7160457490404942,,,-24.984826471709205
,,1.588173928170954,,,57.23940751034822
,0.9585319612986151,,,,71.01732496442459
,,1.6343831986477642,,,60.4815443908734
,1.5229359244837934,1.1790502155392657,,,171.15920417752048
,,,,1.2214235933919522,-138.30077750671813
,,,,,-263.7357778608362
0.6870670696361196,,,,0.9180314686799862,-164.7466240924474
,,1.2091462860902118,,,-99.48176100655165
,,,0.9208158658799955,,9.525913632741293
,0.8638716595520065,,,1.0036907111120021,3.440207457671813
,0.4869606394296784,,,,35.14473185076388
,,0.5064552465077627,1.518322824567314,,-127.89729365944773
1.6286276978812413,1.2512505965246858,1.85747720929573,1.3763341586771942,,251.84427141418917
,,,,,-69.5321717257643
,,1.407230011383635,0.9672729750616863,,-94.08995360701397
,0.585538258338495,,0.4305673840619083,1.5365341563181696,62.038270873785144
,,0.6073670857057871,2.7231179876264315,0.7147435391677069,52.124368279288625
,,0.7022764275515784,,1.470432303012538,60.525315360665594
,,,,1.2237240425047213,-117.27915162030855
0.7307546611603922,,0.4845131307727723,,,24.3175608664486
,,,,,-131.5725544249246
0.7273302849030036,,,,,-247.08023623498335
,0.46815197968425365,,,,65.8127336427891
,,0.646668746583331,1.2619671159963644,0.40391558131571953,55.18358688691948
,,0.9088124113499689,,,-0.9308458819338884
,0.5481263287272902,,,0.5723852323079027,-13.585433942199883
,1.0099554967070807,,,,-30.95165384667256
2.280260230298927,2.2432439632303542,,,,229.27756408101763
,,,0.46957889689839183,,-10.828404840988721
,,,,,-32.99906049695311
,,,,1.1415587322767222,-85.59304907082891
,,,,,-139.83451287634153
0.9007077190419958,0.42108499021980617,0.9110273089999276,,0.810577920330005,112.2816428382791
,,,,,-46.55735407316887
1.1408632156107463,,,0.4390685558901699,,-156.68849413686956
,,,,0.4846907796184085,8.360583168009713
,1.1538941345384908,,,,44.87101483508813
,0.6482526563258691,0.5739767008316777,,,93.57306496119038
0.9860838914777112,2.193602615610071,,,,163.80394529080644
,1.5721554799027153,,1.0224482728559243,,134.3887825076821
0.9981164887161206,,,0.7214359073440844,1.429927790332089,-107.77727684126664
,,,0.7983864721014345,,-154.74896033947593
,,,,,-238.58549916335514
0.6937519207067695,,,,,-6.888447624272949
,,0.708936451068717,0.7742910581643598,,-73.39239909718955
,,0.7818798426041219,1.504942189115205,1.4917821634240598,98.52376897877974
1.7670244943958617,1.0197765271882882,0.7916542060935255,,,69.58052848005846
0.6545057527231394,,,1.3714747821409226,,-5.036913022695899
,,,,,-76.13365952651701
0.7407563785031073,0.44339795063605675,,,2.4609962258425813,70.6626357760135
,,1.1392713991971015,1.714554147761008,,45.93541694474558
,,0.8453913832780725,,,-104.52309632301416
,,,,,-104.47437153578949
,,,1.556300795515933,,-73.94678506206546
,0.9997148032654405,,,,75.07906276588436
0.8569962449162634,,,,,-21.977971015196044
1.4685022718853997,,,1.197441376549668,0.9010053242021153,-55.67137150318021
,0.47625276008722073,,1.5224389097565452,,46.90658467321366
0.5660715573099809,,0.654023974231481,,,-298.0820287561611
,,,,1.176448825366272,-137.73331899427052
0.46601823001338427,,,0.864948838011637,,-10.281160332072968
,,1.4442600468203788,,,-1.1338787635048633
,1.9566099625857163,,0.790721018540406,0.9050665483595475,246.3043255418554
1.1999802179479444,,1.5675522201049312,,,-0.26214185363332765
,,,,,-84.06913985720703
,1.288880002051845,1.3655229804061881,,,145.11254785488757
0.9327530959052602,,,,,-126.41322618736902
,,,0.9197484789904266,,-65.1377952601884
,0.7526995710756373,0.6068298722825746,,0.9623165788801443,105.73208225683247
,2.0863754175513516,1.4657172417040598,,,238.0718455753656
,,0.9082221265959503,1.6004950658110577,0.4464491988167305,107.93732583780917
,0.5223386304721858,,,,-46.75056329782118
,,,,0.50997691724033,-139.52734392644592
,0.7293118165382786,,,0.9929571304529641,29.9012648874581
0.6245823093172438,1.6463683960749977,0.7062309747670698,2.5416198467187923,,296.4540369863305
,,0.6588139748838979,,,-24.862795182102644
0.8280104061634723,,,1.531642466149037,,-65.92855921915645
,0.8927843782269886,0.4806812642203949,1.7664572465375616,,167.44194420028174
2.979054963801388,,,1.0015304243744003,,57.46337976476798
,,,,0.5273096933995635,-66.52014853370952
,1.9630858846815047,,,,122.68655622078367
0.9358688292198426,,1.0374611035089725,1.1903363406093688,0.9679737442743352,96.65586786352382
,,1.8085899671214083,,0.8963993405043827,-29.940431722028
,1.1387180678560977,,2.0933957250499264,0.4247993134767853,130.15945458831843
0.6866281919461598,,0.6596997699307984,0.5388169281811231,,-9.948723258034077
,,,,,-125.79602418129443
,1.9978261250271308,,1.1790307525919472,,163.02466336582813
,0.5925337195872442,0.7333482326890381,,,54.72019526524691
,,1.0830506555535826,,,54.00711905198512
1.7001349103999372,0.6423655920501782,,,,-14.912402583761155
,,,0.5674887211299786,,-113.88945850753012
,,1.3158872670461172,1.3903331835321713,1.9288439640217565,83.76279079178958
2.3402964980453067,,1.2348790173863373,,,76.22804526069288
,,1.8534107978998282,,0.4462018362894799,28.362042452089007
,1.7754145751546893,0.7019377404766833,,,193.07894802066954
0.9757125379826657,1.5457331421535163,2.2041861678862227,,,235.48126303023938
0.6269547482561325,,1.2045945793683899,,,-8.456364683843109
,1.7396652519704507,,,,51.57239743022933
,,,0.717079036996164,,-104.76872156737784
,,,1.0807204988869867,,12.59193978232835
0.42610313098339714,0.6668723450757911,,,0.5205018830769746,77.49857271859679
0.5090283540679753,1.3147884915190176,,1.1161342887381218,1.6544802739196438,207.67365355868566
,,1.5313268023142323,,,-14.123158326607308
,,,,,-271.3532607333668
1.019343267248685,0.7544756997706997,,,,80.89185960227992
,,0.5515930140405155,1.1508766027273922,,79.05535375556288
0.588500786261195,,,0.6103736997252851,,-47.091169421072685
,,0.44193368708851755,,,-327.8105252054889
,1.1132723127393926,,0.9391589131441817,1.1228254938852753,111.61348110011764
2.432636324021755,1.7867554488303223,,,,116.20400533935137
1.3527398946610956,,,,,-50.050219792365795
,2.0180773827178204,,,,186.60139341601882
,,1.20243090577956,,,42.47740051308771
,0.6037041551226275,,,,53.40851875862682
,,0.6883869307128097,,,-42.111522046058376
,1.0357324669729413,,0.7481957843941472,0.5870979263002958,122.21265594092226
1.2506586429382711,,,0.5122943105042589,,4.219835147067256
,,2.098732354050425,,,108.03329355127714
,,,,1.2857431021330643,-56.71239566864521
,,,,,-104.08696205304047
1.1221323222304762,,,,,-62.947682068615855
0.7142364826939283,,,,,-101.84864953771707
,,,,,-192.2330250280849
,,,0.9680250758705841,,-142.8652980055336
1.0134019309650404,0.9061821573482992,,,,83.66189173260459
,,,2.207998653330968,,10.804137613888896
,0.6296376030255896,1.3213162028034042,,,63.03705081052851
,0.7779866783080691,,1.3015929980039929,0.8611845377637809,85.79913392874806
,0.5058619098405933,,1.9908946329442072,,105.83789875740567
,0.5143771366138569,0.6370518396087587,,,14.097372845562731
1.415912362019825,,,1.852697094852882,,-15.553878397633238
,,0.8269434604651958,0.6225313439371939,,-4.897049992618569
,,,,,-52.66893944545351
,0.7599369819598278,,0.7631000245479146,,77.99407865926545
,,,0.8325047813737684,,-192.85837658477215
,0.7388232834503655,,1.2803323038717285,,97.96961123107927
,2.2182669931208663,1.0730209948036222,,,252.80723414108792
,,,1.3010156626547096,0.8861381534941315,-185.93777635003445
,,0.9149333898817024,,,-12.103610869343923
,1.012224423453833,,,,-4.6552873184293935
,,0.7779723634666434,,,-165.4633607205018
,1.0719653675991272,,,1.4418053290159079,93.40383067429347
,,,,,-213.15064571480596
,,,,,-158.84556083807536
,1.5493409267710596,,,,35.757585680644326
0.5317973984806225,,,,,-81.47572923370008
,,,1.3809265638012977,1.941206008265922,-49.6137183085597
0.6803837384236716,,,,0.7665513543377717,-44.595447100555084
,0.7235822859100567,,,1.2145080117778038,68.80803776201289
,0.9727103929221741,,,,71.85522120751976
,0.6541280021710922,,,,36.27856468886305
,,,,,-54.20299338004291
0.4291781198749986,,,,,-113.69484622528908
,,,,0.8809151690332453,-80.11319183530198
,0.5480711580492612,,,,4.980586672561564
,,,,,-193.52702503846635
,,1.7824542165573145,,,-180.19609701536413
,,0.567246848857522,,,-64.64197000212286
,0.8021567911628121,1.0136670858668373,,1.2217081395199536,77.79989789189064
0.5064207749970311,1.9011207312676073,,1.573599639232585,0.9079991561824573,244.67506307925325
,1.1604018292673417,,,1.4844590928257,6.7294403999927
,,1.4822994861529117,,,79.18318522643413
,,0.7119574667172651,,,-107.54516789832824
,,,,,-124.89579411561498
,,,,2.722948687724303,-153.9449013978077
,,,1.6739397972447685,,38.552567159178174
0.6543739593936179,,,1.3616072363167513,0.6820781957402268,71.35772110547332
,,,,,-147.7810043102351
1.1631935189613771,0.42880071777425993,,1.9092970506264633,,89.02355460242352
1.0721967159384873,1.5990545154786884,1.772606668314208,0.5631984034673122,,252.54563022144134
0.8648492232989141,,,,,4.399022317612986
,,,,,-83.48194746748614
,0.6122400149069139,1.4883946776914283,,1.1116221515087088,161.49114178933476
,2.0102683798365533,,,,128.50739947222766
,0.675870602230281,,,,4.099410845383789
2.3834570366468655,,2.000107691885334,0.6198984737662316,,-50.52769741948226
,,,,0.6134719366917788,-142.60401814522842
0.43566456645700186,,,1.4388263794542226,,-26.036394860438048
,,,0.5593373245276719,1.1433198239615687,-138.63251257410852
,,0.774656635890075,,1.486396043328376,-23.839341708209396
,2.024868940495847,,,,180.77775927066853
0.7145306910521688,,,,,-163.29178043640516
,0.6212544539551925,,0.9742622630864519,0.9491491616748444,56.154922399861455
,,1.0022710356756102,,0.5877782278896486,-9.637363631027874
,0.646449368542261,,2.311259004942879,,120.18137059041261
0.6625625498799194,,,,0.5345436134561904,-141.0422531947423
,,,0.7121899185032764,,24.71638865081284
,0.5665119294411894,,,0.8630607812527138,-5.334488800534778
1.8563936983248859,0.5291703669447326,,,0.6558681791462481,18.306732433981242
,,,,0.8224323117726177,-111.38699258772836
,,,0.44323809808521286,,-37.38907595729795
,1.3450186562715805,,1.1314577963453558,,90.68631225043315
,,1.9731048680819048,,0.7212781292490482,99.59867714689457
,,,,0.7131723652486122,-114.97402351554075
0.6119926319144883,,,,,-196.4862503673293
,,1.4584327034267779,0.8220420039289429,,25.256182572537668
1.3194217878148724,2.025091083491953,,0.901685122141679,,217.00738725640196
,1.6341410088854915,,,,150.18400281539806
,,1.5890057587728696,,,-46.24677219353599
0.7900154089781791,,,,0.4667552048385791,-109.04864401761971
,,0.4039767650554655,,,17.047848386508914
,,1.2844370527773838,,1.04384544217267,-32.86441895406807
