feature_0,feature_1,feature_2,feature_3,feature_4
,0.6955894508649839,0.690156947415591,0.800162039695184,0.7261928123964114
,,,0.9770219062517798,0.8242427566421023
,0.9966106322519551,0.9424086786752868,,0.42489665733903625
0.9760608558573278,0.5448777939027191,0.8297085186422023,,0.5214021708928461
0.7456138592553148,0.5302889011902459,,,
0.8726582474812304,0.9070787235122415,,0.5155393835045237,
0.8502370150690162,,0.887108625222565,,0.5390090449533556
0.4898921826330499,0.4708143645091142,,,0.45863186707581605
0.43326748052467046,0.6448022423434073,0.9770515049846398,,
,0.4313214795392606,,0.6383461467496401,0.4867305383893986
0.5480551440779602,0.6666242251695852,0.8815463790219669,,
,0.672427309539968,,,0.41633526346239635
0.8316513045002514,0.8778606163855665,,,
0.7834493866321279,0.953307371494972,0.594400843006307,,0.5095982293453127
0.464782263522335,,,0.6230521052667789,0.6252137293335469
,,0.5778640565168895,0.5161664103397999,0.9754180566053652
,0.45496251602260085,0.9205791320924619,,0.8110098597995457
0.7043029102894882,0.6149236548476087,0.6793918004182679,0.8171048706006804,0.6766158958993356
0.700147731270936,,0.4504048603565609,0.7142966719046263,0.44989270270820103
0.9778578795496228,0.922709923234151,0.8252736598722495,,0.717716972018516
,,0.6957069027028392,,0.5351879878167319
,,,,0.7886714807509674
0.40545815563893506,,0.9506892035872988,0.8670974435558058,0.43735638053249515
0.4421918856143475,,,,0.40826397771486267
0.7430924441863155,,0.7053454961974163,,
0.5487204761557287,0.9590748315315939,0.4070625475612437,0.8307877466510551,
,0.5661838158001079,0.9027294659176566,0.42940857731506754,
,0.9286900334887385,0.5614753160404448,,
0.872981632080108,0.9133979210117146,0.49689676488712486,0.6117581164532342,0.8967861418473031
,0.4797549561607657,0.49937077948894015,0.46799504286767024,
0.6580363186036712,,0.9153915390934738,0.7490150525601242,
0.48490153537609804,0.41817818881376,0.5096759812590853,0.42373445294661083,0.7559566157687136
,,0.5150298372756078,0.8653821093747935,0.9674825700688474
0.6400072650238229,,0.5632060828560603,0.8722424557426208,
0.777984090919841,0.6425456081041004,,,0.5272320372345384
,0.6765669798161437,,0.4391108324574755,0.54294482216814
,0.8772940514853571,,,0.9131548132990278
0.5846605280966365,0.7878853341794383,,,0.6108514365585686
,0.7050817397306137,,,
,,,0.5172137745739377,0.6339975023424357
,0.871557426550602,0.844900026608453,,0.9111755250057704
0.46281068358547783,,0.8772829045798495,0.900579419969614,0.5677712224996397
,0.950421293751383,0.6226545576999993,0.9010815361867537,0.9791764274723012
,0.6284070998154785,0.7925737563884288,,0.4860377555812624
0.7466034291937449,,0.9738208929491068,,0.999788367419846
0.6972451024718653,,0.4291227045428385,,0.7550207812371654
0.43830302065196525,0.5684843587681266,,,
0.6139812074142631,0.7336739185422505,,,
,0.9305602197476847,0.8528119672997581,,0.8037818195482983
,,,0.8346428567546156,
0.7707271387476164,0.5868623509783027,0.6220987909524464,0.4918713413766269,
,0.7101502664085357,,0.9865223828341734,0.999737478281139
0.6304964427805114,0.5230258402645549,0.7913618383717334,,0.5328684761942066
0.615560708642363,,0.4882248541729052,0.8091960756035899,0.4587286890928055
0.5911879535675203,0.8242289866331655,0.5069877001430411,0.4379662505794324,0.5012673711490687
,0.6458028345111652,,0.8790802655548265,0.6438834035479997
,0.5891363306603724,0.6192957144319274,0.9503298956893583,0.902820988682181
0.75638940611964,,0.660008875934915,0.45534359662165824,0.6372550687986684
,,0.628906222170763,0.6189084171404123,0.7883719013830854
0.5134921154930226,,,0.7644806409565129,0.866975658307808
,0.8637838164132114,,,0.6691916260711506
0.6333935065565045,0.41732287708935056,0.6361829233986522,0.6531343046094868,0.9281776479314113
,0.5418801013308574,0.7605263527356902,0.5692800740135332,
0.6670848693435237,0.8370675828978172,,,0.45582909966246543
0.8295341806788714,,,,0.8657565215726888
0.4821072852479188,,0.8663668840873846,0.755097666490123,0.7771151317791191
0.5003955558663506,,,0.8839395247750893,0.49121163388104594
0.7772977274384788,,0.8442087500034696,0.6009208621258042,0.6913418901331612
0.4658459848970159,0.6103331558224896,0.4367554410962111,0.9502348188457495,0.853929700393914
0.4208028679840484,,,0.5460232392025058,
0.6015835638929482,,,0.6285749665879793,0.554311724883956
0.44033906427115777,0.6520148227318828,0.41781511398425997,,
,,0.6713156677619712,0.5616213732227925,
,0.6837695465661525,0.7622700156003414,0.8489286086822613,
0.9301895604262223,0.854791511806952,,0.7146799089821562,0.5260330605548792
,,0.8882988434751479,,
,,0.9995221970653813,,
0.7526657459018583,,0.9074336097720289,0.5746431741983966,
0.5251359445095348,0.8926308249321246,0.8997817078237856,0.7851162295706063,0.43912015845502594
,0.7752204060140024,0.9302020386955039,,
,0.7150552806242116,0.8335000544142583,0.42432731770294474,
,,,,
0.5973760162294822,,0.9221111267835607,0.5843654943703404,0.5040402290100691
,,0.4925493029067952,,
,,,0.5004955247813436,0.9493562954667698
0.7740201552823238,0.5654130026330315,0.8041077159204442,0.9426444832958746,0.5739132290161819
0.6376375460265687,,0.9012788002964359,0.8382622034270586,0.7423584820175403
,,0.9335112639947479,,0.5276450395468609
0.45886182599280945,0.4213264589790303,,0.6861232701906285,0.7896265480715418
0.5214709964801695,0.4938955568520108,0.7297644444451717,,0.6333500289215018
,0.7805608366371541,,0.612113297285247,0.700145521816868
,0.5701785563389863,,0.70216276477072,
0.46633012183065936,0.9271281523676598,,,0.5462039122730227
0.6386671719588737,,0.5415174855157606,0.4974789586250261,
,0.48994350318494106,0.7806342994790287,0.9674740447689325,0.8614316582884695
0.7480233235118436,,0.8386626877685358,0.5221062430167517,0.7411760375784443
,,,0.9047743594498834,
,0.862364202263689,,0.9151795029465897,
0.6578062000280298,,,,0.6789795561223417
,0.9628236515206078,0.8420407141718169,0.9613408628616096,0.7340751907928732
